Order_ID,SKU_ID,Customer_ID,Order_Date,Quantity_Ordered,Quantity_Delivered,Delivery_Date,Order_Status,Region
ORD_000001,SKU_PIP_0004,CUST_1938,2023-02-01,147,147,2023-02-09,Completed,North
ORD_000002,SKU_PIP_0004,CUST_1850,2022-07-16,57,0,,Cancelled,North
ORD_000003,SKU_PIP_0010,CUST_1866,2023-01-27,174,174,2023-02-07,Completed,West
ORD_000004,SKU_PIP_0009,CUST_1002,2023-06-04,254,254,2023-06-11,Completed,West
ORD_000005,SKU_PIP_0010,CUST_1469,2022-07-31,136,136,2022-08-12,Completed,West
ORD_000006,SKU_PIP_0014,CUST_1752,2023-03-14,291,291,2023-03-21,Completed,West
ORD_000007,SKU_FAS_0050,CUST_1478,2023-11-10,89,0,,Cancelled,North
ORD_000008,SKU_PIP_0001,CUST_1410,2023-02-26,87,87,2023-03-12,Completed,West
ORD_000009,SKU_PIP_0010,CUST_1375,2023-03-22,171,171,2023-03-27,Completed,South
ORD_000010,SKU_FIT_0038,CUST_1920,2023-07-17,50,50,2023-07-24,Completed,Mumbai
ORD_000011,SKU_FIT_0039,CUST_1984,2023-03-19,67,67,2023-03-30,Completed,West
ORD_000012,SKU_COI_0032,CUST_1972,2022-10-25,98,98,2022-11-05,Completed,West
ORD_000013,SKU_FIT_0042,CUST_1544,2022-01-25,124,24,2022-01-29,Pending,Mumbai
ORD_000014,SKU_COI_0031,CUST_1576,2023-03-31,281,0,,Cancelled,South
ORD_000015,SKU_SHE_0018,CUST_1687,2022-08-17,233,233,2022-08-22,Completed,South
ORD_000016,SKU_SHE_0018,CUST_1622,2022-03-29,121,121,2022-04-12,Completed,Mumbai
ORD_000017,SKU_PIP_0010,CUST_1343,2023-03-12,226,0,,Cancelled,South
ORD_000018,SKU_SHE_0026,CUST_1164,2022-06-10,190,190,2022-06-21,Completed,West
ORD_000019,SKU_FIT_0042,CUST_1915,2022-07-29,236,236,2022-08-10,Completed,East
ORD_000020,SKU_SHE_0016,CUST_1833,2022-05-20,73,73,2022-05-31,Completed,South
ORD_000021,SKU_FAS_0048,CUST_1005,2023-02-14,207,207,2023-02-19,Completed,Mumbai
ORD_000022,SKU_PIP_0003,CUST_1090,2023-09-08,172,172,2023-09-22,Completed,South
ORD_000023,SKU_PIP_0011,CUST_1108,2023-10-30,170,170,2023-11-07,Completed,West
ORD_000024,SKU_PIP_0002,CUST_1639,2022-10-09,347,347,2022-10-18,Completed,West
ORD_000025,SKU_PIP_0009,CUST_1544,2023-02-01,54,54,2023-02-07,Completed,Mumbai
ORD_000026,SKU_FIT_0041,CUST_1693,2023-01-01,227,54,2023-01-04,Pending,West
ORD_000027,SKU_COI_0032,CUST_1355,2022-09-12,192,192,2022-09-19,Completed,North
ORD_000028,SKU_PIP_0004,CUST_1011,2023-09-12,75,0,,Cancelled,Mumbai
ORD_000029,SKU_SHE_0021,CUST_1496,2022-08-25,243,243,2022-09-03,Completed,Mumbai
ORD_000030,SKU_SHE_0023,CUST_1635,2022-05-24,271,57,2022-05-28,Pending,Mumbai
ORD_000031,SKU_FIT_0042,CUST_1409,2022-10-27,245,245,2022-10-30,Completed,West
ORD_000032,SKU_PIP_0009,CUST_1524,2023-11-25,100,6,2023-11-27,Pending,South
ORD_000033,SKU_PIP_0013,CUST_1615,2023-09-10,158,158,2023-09-23,Completed,South
ORD_000034,SKU_FIT_0038,CUST_1836,2022-06-30,69,69,2022-07-11,Completed,Mumbai
ORD_000035,SKU_PIP_0010,CUST_1683,2023-01-12,192,192,2023-01-19,Completed,Mumbai
ORD_000036,SKU_SHE_0019,CUST_1182,2022-11-03,76,76,2022-11-09,Completed,South
ORD_000037,SKU_SHE_0016,CUST_2000,2022-10-08,343,343,2022-10-14,Completed,Mumbai
ORD_000038,SKU_PIP_0003,CUST_1521,2023-07-27,86,86,2023-08-01,Completed,North
ORD_000039,SKU_COI_0034,CUST_1105,2023-03-01,222,222,2023-03-15,Completed,South
ORD_000040,SKU_SHE_0016,CUST_1588,2023-09-20,118,118,2023-09-23,Completed,South
ORD_000041,SKU_SHE_0017,CUST_1368,2022-09-08,140,40,2022-09-10,Pending,South
ORD_000042,SKU_FAS_0049,CUST_1446,2022-10-21,260,260,2022-10-24,Completed,East
ORD_000043,SKU_PIP_0009,CUST_1836,2022-07-18,224,224,2022-07-28,Completed,East
ORD_000044,SKU_FIT_0043,CUST_1610,2023-12-29,293,293,2024-01-09,Completed,Mumbai
ORD_000045,SKU_PIP_0015,CUST_1539,2023-03-28,257,257,2023-04-11,Completed,West
ORD_000046,SKU_PIP_0003,CUST_1214,2023-01-04,135,67,2023-01-08,Pending,North
ORD_000047,SKU_PIP_0012,CUST_1311,2023-04-14,105,105,2023-04-28,Completed,South
ORD_000048,SKU_SHE_0023,CUST_1246,2022-03-25,256,39,2022-03-26,Pending,North
ORD_000049,SKU_FAS_0050,CUST_1037,2022-11-29,254,254,2022-12-03,Completed,West
ORD_000050,SKU_COI_0036,CUST_1468,2022-01-19,158,158,2022-01-30,Completed,West
ORD_000051,SKU_PIP_0004,CUST_1507,2023-06-30,206,206,2023-07-12,Completed,South
ORD_000052,SKU_FIT_0041,CUST_1973,2022-08-19,209,209,2022-08-31,Completed,East
ORD_000053,SKU_SHE_0021,CUST_1392,2022-07-12,119,0,,Cancelled,Mumbai
ORD_000054,SKU_COI_0030,CUST_1725,2022-02-18,58,58,2022-03-02,Completed,North
ORD_000055,SKU_COI_0031,CUST_1820,2023-03-21,89,89,2023-03-26,Completed,West
ORD_000056,SKU_FAS_0050,CUST_1673,2023-10-15,165,165,2023-10-28,Completed,North
ORD_000057,SKU_COI_0036,CUST_1378,2023-09-12,59,59,2023-09-23,Completed,North
ORD_000058,SKU_PIP_0007,CUST_1954,2022-08-07,59,0,,Cancelled,West
ORD_000059,SKU_SHE_0020,CUST_1486,2023-11-25,96,0,,Cancelled,Mumbai
ORD_000060,SKU_SHE_0018,CUST_1943,2023-12-11,137,137,2023-12-14,Completed,North
ORD_000061,SKU_FIT_0045,CUST_1387,2023-03-02,70,70,2023-03-12,Completed,East
ORD_000062,SKU_SHE_0025,CUST_1639,2022-08-25,237,237,2022-08-31,Completed,West
ORD_000063,SKU_FIT_0044,CUST_1109,2022-07-03,197,197,2022-07-11,Completed,East
ORD_000064,SKU_PIP_0013,CUST_1497,2023-08-22,212,212,2023-08-26,Completed,East
ORD_000065,SKU_SHE_0019,CUST_1504,2022-04-28,240,240,2022-05-11,Completed,West
ORD_000066,SKU_PIP_0009,CUST_1017,2022-10-10,291,291,2022-10-16,Completed,East
ORD_000067,SKU_SHE_0017,CUST_1837,2023-02-27,259,259,2023-03-12,Completed,North
ORD_000068,SKU_FIT_0039,CUST_1548,2023-02-28,222,222,2023-03-11,Completed,Mumbai
ORD_000069,SKU_COI_0030,CUST_1204,2022-07-15,225,225,2022-07-21,Completed,East
ORD_000070,SKU_SHE_0024,CUST_1014,2022-05-26,219,0,,Cancelled,West
ORD_000071,SKU_SHE_0018,CUST_1529,2022-12-10,327,327,2022-12-13,Completed,North
ORD_000072,SKU_PIP_0015,CUST_1288,2022-09-09,58,14,2022-09-10,Pending,East
ORD_000073,SKU_SHE_0022,CUST_1795,2022-07-30,134,15,2022-07-31,Pending,Mumbai
ORD_000074,SKU_PIP_0001,CUST_1522,2022-02-16,172,172,2022-02-25,Completed,West
ORD_000075,SKU_SHE_0022,CUST_1146,2022-01-27,269,18,2022-01-28,Pending,South
ORD_000076,SKU_FIT_0044,CUST_1584,2023-04-24,211,211,2023-04-28,Completed,West
ORD_000077,SKU_FIT_0038,CUST_1955,2023-05-26,186,22,2023-05-29,Pending,East
ORD_000078,SKU_COI_0035,CUST_1594,2023-01-24,191,191,2023-01-30,Completed,West
ORD_000079,SKU_SHE_0025,CUST_1412,2022-07-23,206,206,2022-07-31,Completed,West
ORD_000080,SKU_FIT_0038,CUST_1311,2022-03-09,256,256,2022-03-12,Completed,North
ORD_000081,SKU_COI_0031,CUST_1140,2023-09-10,182,182,2023-09-22,Completed,West
ORD_000082,SKU_PIP_0012,CUST_1871,2023-10-20,315,315,2023-11-03,Completed,South
ORD_000083,SKU_SHE_0017,CUST_1196,2022-11-23,144,144,2022-11-28,Completed,West
ORD_000084,SKU_FIT_0039,CUST_1119,2023-11-05,321,321,2023-11-17,Completed,East
ORD_000085,SKU_COI_0034,CUST_1556,2022-03-19,119,27,2022-03-22,Pending,East
ORD_000086,SKU_SHE_0022,CUST_1854,2022-03-15,100,100,2022-03-29,Completed,Mumbai
ORD_000087,SKU_FAS_0048,CUST_1657,2023-06-03,52,52,2023-06-09,Completed,South
ORD_000088,SKU_FIT_0039,CUST_1600,2023-06-13,85,85,2023-06-20,Completed,South
ORD_000089,SKU_PIP_0009,CUST_1731,2023-12-18,338,338,2023-12-26,Completed,West
ORD_000090,SKU_SHE_0024,CUST_1955,2023-04-28,52,52,2023-05-05,Completed,East
ORD_000091,SKU_COI_0031,CUST_1056,2023-09-12,266,114,2023-09-14,Pending,Mumbai
ORD_000092,SKU_SHE_0027,CUST_1262,2023-02-24,281,281,2023-02-27,Completed,North
ORD_000093,SKU_PIP_0002,CUST_1761,2023-08-12,194,194,2023-08-26,Completed,East
ORD_000094,SKU_SHE_0026,CUST_1534,2023-01-02,156,22,2023-01-04,Pending,West
ORD_000095,SKU_SHE_0024,CUST_1581,2022-03-25,152,0,,Cancelled,North
ORD_000096,SKU_FIT_0045,CUST_1268,2023-06-09,143,143,2023-06-20,Completed,Mumbai
ORD_000097,SKU_COI_0035,CUST_1259,2023-06-01,226,226,2023-06-10,Completed,Mumbai
ORD_000098,SKU_PIP_0010,CUST_1874,2022-04-26,211,211,2022-05-09,Completed,Mumbai
ORD_000099,SKU_PIP_0007,CUST_1066,2022-03-11,90,90,2022-03-17,Completed,North
ORD_000100,SKU_COI_0034,CUST_1946,2023-04-09,202,202,2023-04-18,Completed,North
ORD_000101,SKU_FIT_0045,CUST_1395,2022-11-22,226,226,2022-11-30,Completed,South
ORD_000102,SKU_SHE_0022,CUST_1852,2023-08-24,108,108,2023-09-03,Completed,Mumbai
ORD_000103,SKU_FAS_0049,CUST_1052,2022-10-16,92,11,2022-10-18,Pending,Mumbai
ORD_000104,SKU_COI_0037,CUST_1478,2023-04-24,113,113,2023-05-06,Completed,East
ORD_000105,SKU_FAS_0048,CUST_1300,2022-03-23,136,136,2022-03-31,Completed,East
ORD_000106,SKU_COI_0034,CUST_1668,2023-05-29,143,143,2023-06-11,Completed,Mumbai
ORD_000107,SKU_COI_0028,CUST_1181,2022-10-28,256,256,2022-11-10,Completed,South
ORD_000108,SKU_FIT_0045,CUST_1923,2022-05-08,56,56,2022-05-15,Completed,East
ORD_000109,SKU_FIT_0038,CUST_1453,2023-04-16,269,269,2023-04-28,Completed,East
ORD_000110,SKU_PIP_0009,CUST_1576,2022-12-15,300,300,2022-12-20,Completed,West
ORD_000111,SKU_PIP_0003,CUST_1064,2022-01-29,165,165,2022-02-06,Completed,South
ORD_000112,SKU_PIP_0011,CUST_1411,2022-01-21,88,0,,Cancelled,South
ORD_000113,SKU_SHE_0027,CUST_1164,2022-04-21,131,33,2022-04-24,Pending,West
ORD_000114,SKU_FIT_0039,CUST_1897,2022-10-08,119,119,2022-10-13,Completed,East
ORD_000115,SKU_PIP_0002,CUST_1210,2022-05-06,285,285,2022-05-18,Completed,Mumbai
ORD_000116,SKU_PIP_0009,CUST_1258,2022-07-07,237,0,,Cancelled,South
ORD_000117,SKU_FAS_0050,CUST_1076,2023-11-07,383,0,,Cancelled,North
ORD_000118,SKU_PIP_0003,CUST_1970,2023-01-24,287,107,2023-01-26,Pending,West
ORD_000119,SKU_SHE_0026,CUST_1584,2022-09-18,64,64,2022-09-21,Completed,Mumbai
ORD_000120,SKU_PIP_0003,CUST_1948,2022-02-16,144,0,,Cancelled,East
ORD_000121,SKU_SHE_0021,CUST_1834,2023-03-14,204,24,2023-03-17,Pending,North
ORD_000122,SKU_PIP_0011,CUST_1456,2023-09-01,166,166,2023-09-09,Completed,Mumbai
ORD_000123,SKU_PIP_0008,CUST_1371,2023-03-24,297,297,2023-04-05,Completed,South
ORD_000124,SKU_COI_0029,CUST_1777,2022-09-28,143,41,2022-10-02,Pending,West
ORD_000125,SKU_SHE_0020,CUST_1365,2023-07-03,114,0,,Cancelled,North
ORD_000126,SKU_FIT_0040,CUST_1093,2023-09-06,205,205,2023-09-13,Completed,North
ORD_000127,SKU_PIP_0009,CUST_1249,2023-05-26,140,140,2023-06-07,Completed,Mumbai
ORD_000128,SKU_FAS_0049,CUST_1939,2022-08-08,102,102,2022-08-15,Completed,South
ORD_000129,SKU_PIP_0007,CUST_1042,2023-11-07,200,200,2023-11-11,Completed,North
ORD_000130,SKU_PIP_0009,CUST_1885,2022-05-09,136,136,2022-05-15,Completed,North
ORD_000131,SKU_PIP_0003,CUST_1006,2023-09-29,107,107,2023-10-03,Completed,South
ORD_000132,SKU_SHE_0018,CUST_1599,2022-01-02,253,253,2022-01-08,Completed,West
ORD_000133,SKU_PIP_0001,CUST_1961,2022-07-28,151,151,2022-08-08,Completed,East
ORD_000134,SKU_FAS_0046,CUST_1823,2022-11-27,344,344,2022-12-11,Completed,Mumbai
ORD_000135,SKU_SHE_0026,CUST_1845,2023-03-25,73,73,2023-03-30,Completed,West
ORD_000136,SKU_COI_0036,CUST_1976,2022-01-16,108,108,2022-01-24,Completed,North
ORD_000137,SKU_COI_0034,CUST_1779,2023-12-06,166,166,2023-12-12,Completed,East
ORD_000138,SKU_PIP_0005,CUST_1483,2023-02-01,187,187,2023-02-05,Completed,North
ORD_000139,SKU_FIT_0042,CUST_1178,2022-08-03,210,210,2022-08-08,Completed,West
ORD_000140,SKU_PIP_0007,CUST_1049,2023-06-22,178,178,2023-06-26,Completed,North
ORD_000141,SKU_PIP_0007,CUST_1928,2023-10-06,89,89,2023-10-12,Completed,West
ORD_000142,SKU_PIP_0013,CUST_1001,2022-07-07,89,89,2022-07-15,Completed,West
ORD_000143,SKU_SHE_0025,CUST_1592,2023-08-18,96,96,2023-08-23,Completed,East
ORD_000144,SKU_FIT_0045,CUST_1372,2022-12-23,299,299,2022-12-29,Completed,West
ORD_000145,SKU_SHE_0018,CUST_1434,2023-04-09,218,218,2023-04-13,Completed,Mumbai
ORD_000146,SKU_COI_0036,CUST_1384,2023-09-07,96,96,2023-09-15,Completed,South
ORD_000147,SKU_SHE_0021,CUST_1785,2022-12-02,308,308,2022-12-13,Completed,North
ORD_000148,SKU_COI_0037,CUST_1514,2022-06-25,243,243,2022-06-28,Completed,East
ORD_000149,SKU_FIT_0039,CUST_1954,2023-05-10,228,12,2023-05-13,Pending,East
ORD_000150,SKU_COI_0037,CUST_1594,2023-10-18,235,235,2023-10-27,Completed,West
ORD_000151,SKU_COI_0035,CUST_1389,2022-12-03,388,0,,Cancelled,South
ORD_000152,SKU_FIT_0043,CUST_1849,2022-03-10,94,94,2022-03-13,Completed,North
ORD_000153,SKU_COI_0036,CUST_1100,2023-10-20,75,75,2023-10-24,Completed,North
ORD_000154,SKU_PIP_0015,CUST_1390,2023-09-24,219,219,2023-09-30,Completed,South
ORD_000155,SKU_FAS_0050,CUST_1441,2022-06-21,238,238,2022-06-26,Completed,East
ORD_000156,SKU_FAS_0050,CUST_1062,2022-11-16,196,196,2022-11-20,Completed,South
ORD_000157,SKU_SHE_0020,CUST_1570,2022-04-22,266,10,2022-04-25,Pending,North
ORD_000158,SKU_COI_0028,CUST_1052,2023-06-04,79,24,2023-06-05,Pending,Mumbai
ORD_000159,SKU_PIP_0009,CUST_1234,2022-02-01,82,82,2022-02-05,Completed,West
ORD_000160,SKU_COI_0029,CUST_1643,2023-04-19,234,234,2023-04-30,Completed,South
ORD_000161,SKU_PIP_0002,CUST_1062,2023-05-30,223,223,2023-06-04,Completed,Mumbai
ORD_000162,SKU_FIT_0039,CUST_1300,2023-11-06,135,135,2023-11-10,Completed,Mumbai
ORD_000163,SKU_FIT_0041,CUST_1172,2023-07-30,68,68,2023-08-03,Completed,South
ORD_000164,SKU_PIP_0013,CUST_1622,2023-08-04,90,90,2023-08-16,Completed,East
ORD_000165,SKU_SHE_0025,CUST_1162,2022-10-13,156,156,2022-10-21,Completed,East
ORD_000166,SKU_PIP_0013,CUST_1515,2022-01-26,106,22,2022-01-29,Pending,West
ORD_000167,SKU_FAS_0049,CUST_1810,2023-12-17,377,377,2023-12-30,Completed,South
ORD_000168,SKU_SHE_0026,CUST_1658,2023-08-20,126,126,2023-09-03,Completed,Mumbai
ORD_000169,SKU_COI_0030,CUST_1626,2023-05-06,174,174,2023-05-16,Completed,South
ORD_000170,SKU_FAS_0047,CUST_1329,2022-04-25,69,69,2022-04-30,Completed,Mumbai
ORD_000171,SKU_PIP_0011,CUST_1719,2022-11-24,338,338,2022-12-04,Completed,South
ORD_000172,SKU_SHE_0027,CUST_1702,2022-03-24,177,177,2022-04-02,Completed,West
ORD_000173,SKU_FIT_0041,CUST_1801,2022-08-17,221,221,2022-08-26,Completed,South
ORD_000174,SKU_COI_0032,CUST_1524,2022-03-13,182,182,2022-03-20,Completed,Mumbai
ORD_000175,SKU_FAS_0049,CUST_1282,2022-05-13,71,71,2022-05-27,Completed,North
ORD_000176,SKU_FIT_0043,CUST_1791,2022-01-18,291,291,2022-01-30,Completed,Mumbai
ORD_000177,SKU_FIT_0039,CUST_1929,2023-10-28,292,292,2023-11-05,Completed,South
ORD_000178,SKU_FAS_0049,CUST_1646,2023-07-12,84,84,2023-07-22,Completed,South
ORD_000179,SKU_SHE_0027,CUST_1425,2022-03-13,269,269,2022-03-22,Completed,Mumbai
ORD_000180,SKU_PIP_0006,CUST_1974,2022-05-30,295,0,,Cancelled,West
ORD_000181,SKU_COI_0035,CUST_1910,2022-10-05,130,130,2022-10-14,Completed,South
ORD_000182,SKU_SHE_0025,CUST_1653,2023-12-26,366,366,2024-01-04,Completed,East
ORD_000183,SKU_PIP_0009,CUST_1079,2022-02-21,179,83,2022-02-23,Pending,South
ORD_000184,SKU_COI_0035,CUST_1742,2022-05-11,283,0,,Cancelled,North
ORD_000185,SKU_SHE_0019,CUST_1323,2022-07-29,129,129,2022-08-12,Completed,Mumbai
ORD_000186,SKU_PIP_0003,CUST_1651,2022-05-01,143,143,2022-05-04,Completed,East
ORD_000187,SKU_COI_0028,CUST_1575,2022-01-29,259,259,2022-02-09,Completed,South
ORD_000188,SKU_COI_0037,CUST_1173,2023-12-21,292,292,2023-12-29,Completed,West
ORD_000189,SKU_PIP_0011,CUST_1503,2022-06-23,66,66,2022-07-01,Completed,West
ORD_000190,SKU_COI_0031,CUST_1554,2022-10-26,334,161,2022-10-30,Pending,East
ORD_000191,SKU_PIP_0002,CUST_1664,2022-08-03,97,97,2022-08-08,Completed,South
ORD_000192,SKU_COI_0029,CUST_1195,2023-05-21,127,127,2023-05-24,Completed,Mumbai
ORD_000193,SKU_PIP_0003,CUST_1502,2023-01-28,87,35,2023-01-29,Pending,East
ORD_000194,SKU_FIT_0042,CUST_1379,2022-07-17,251,60,2022-07-18,Pending,North
ORD_000195,SKU_FIT_0040,CUST_1506,2022-03-17,280,28,2022-03-19,Pending,Mumbai
ORD_000196,SKU_PIP_0009,CUST_1085,2022-09-24,118,118,2022-09-27,Completed,South
ORD_000197,SKU_SHE_0024,CUST_1927,2023-11-04,280,280,2023-11-11,Completed,East
ORD_000198,SKU_COI_0028,CUST_1956,2022-01-31,60,60,2022-02-04,Completed,North
ORD_000199,SKU_SHE_0027,CUST_1739,2022-01-02,152,152,2022-01-14,Completed,Mumbai
ORD_000200,SKU_FIT_0045,CUST_1341,2022-01-20,110,110,2022-01-24,Completed,North
ORD_000201,SKU_PIP_0002,CUST_1633,2022-01-26,247,247,2022-01-31,Completed,North
ORD_000202,SKU_PIP_0001,CUST_1819,2022-01-13,196,196,2022-01-24,Completed,North
ORD_000203,SKU_COI_0035,CUST_1332,2023-08-29,45,45,2023-09-07,Completed,Mumbai
ORD_000204,SKU_FAS_0047,CUST_1950,2023-01-22,173,0,,Cancelled,Mumbai
ORD_000205,SKU_SHE_0024,CUST_1104,2022-06-10,211,211,2022-06-16,Completed,West
ORD_000206,SKU_SHE_0016,CUST_1498,2022-11-28,330,141,2022-11-30,Pending,West
ORD_000207,SKU_PIP_0009,CUST_2000,2023-05-13,264,264,2023-05-27,Completed,East
ORD_000208,SKU_COI_0032,CUST_1527,2022-11-21,341,341,2022-12-03,Completed,South
ORD_000209,SKU_FAS_0049,CUST_1146,2023-05-31,139,139,2023-06-09,Completed,East
ORD_000210,SKU_SHE_0026,CUST_1978,2023-06-25,170,49,2023-06-26,Pending,North
ORD_000211,SKU_SHE_0021,CUST_1401,2022-10-06,137,137,2022-10-18,Completed,Mumbai
ORD_000212,SKU_SHE_0020,CUST_1158,2023-11-24,197,197,2023-11-28,Completed,North
ORD_000213,SKU_FIT_0039,CUST_1488,2023-06-14,103,103,2023-06-22,Completed,North
ORD_000214,SKU_SHE_0019,CUST_1731,2022-11-22,358,358,2022-11-26,Completed,West
ORD_000215,SKU_SHE_0025,CUST_1708,2022-07-21,116,0,,Cancelled,East
ORD_000216,SKU_SHE_0016,CUST_1218,2023-03-21,271,271,2023-03-30,Completed,East
ORD_000217,SKU_SHE_0016,CUST_1424,2023-06-08,71,71,2023-06-12,Completed,East
ORD_000218,SKU_COI_0036,CUST_1785,2022-10-15,117,117,2022-10-28,Completed,West
ORD_000219,SKU_SHE_0025,CUST_1066,2023-10-11,183,183,2023-10-19,Completed,East
ORD_000220,SKU_SHE_0020,CUST_1966,2022-04-13,274,274,2022-04-20,Completed,Mumbai
ORD_000221,SKU_COI_0034,CUST_1943,2023-04-08,286,28,2023-04-10,Pending,South
ORD_000222,SKU_COI_0031,CUST_1984,2022-11-11,353,353,2022-11-14,Completed,West
ORD_000223,SKU_FAS_0048,CUST_1024,2022-04-19,240,0,,Cancelled,North
ORD_000224,SKU_COI_0032,CUST_1628,2022-12-04,206,206,2022-12-16,Completed,North
ORD_000225,SKU_COI_0035,CUST_1320,2022-07-01,131,131,2022-07-08,Completed,West
ORD_000226,SKU_COI_0035,CUST_1235,2023-03-09,289,289,2023-03-18,Completed,East
ORD_000227,SKU_PIP_0012,CUST_1527,2023-02-19,220,220,2023-02-23,Completed,East
ORD_000228,SKU_SHE_0026,CUST_1364,2022-05-10,133,133,2022-05-16,Completed,South
ORD_000229,SKU_FIT_0038,CUST_1791,2022-02-28,139,139,2022-03-14,Completed,South
ORD_000230,SKU_PIP_0008,CUST_1413,2022-05-19,278,13,2022-05-21,Pending,South
ORD_000231,SKU_COI_0035,CUST_1905,2023-04-28,188,188,2023-05-12,Completed,East
ORD_000232,SKU_FIT_0039,CUST_1078,2023-02-16,124,124,2023-02-23,Completed,South
ORD_000233,SKU_FIT_0043,CUST_1015,2022-07-30,82,6,2022-08-03,Pending,South
ORD_000234,SKU_SHE_0023,CUST_1141,2022-03-10,53,53,2022-03-20,Completed,North
ORD_000235,SKU_COI_0035,CUST_1101,2023-10-23,305,305,2023-11-02,Completed,East
ORD_000236,SKU_FAS_0049,CUST_1512,2023-07-09,122,122,2023-07-17,Completed,East
ORD_000237,SKU_PIP_0012,CUST_1612,2022-01-12,286,286,2022-01-21,Completed,Mumbai
ORD_000238,SKU_SHE_0017,CUST_1480,2023-10-09,352,0,,Cancelled,West
ORD_000239,SKU_COI_0030,CUST_1977,2023-02-20,287,287,2023-03-02,Completed,East
ORD_000240,SKU_SHE_0018,CUST_1856,2022-08-17,143,143,2022-08-21,Completed,East
ORD_000241,SKU_SHE_0022,CUST_1758,2022-01-24,114,0,,Cancelled,West
ORD_000242,SKU_FIT_0043,CUST_1668,2023-01-15,248,248,2023-01-19,Completed,East
ORD_000243,SKU_SHE_0022,CUST_1746,2023-11-06,214,0,,Cancelled,West
ORD_000244,SKU_SHE_0018,CUST_1206,2023-04-11,269,269,2023-04-23,Completed,Mumbai
ORD_000245,SKU_PIP_0008,CUST_1900,2023-04-20,149,59,2023-04-22,Pending,South
ORD_000246,SKU_COI_0037,CUST_1738,2022-01-07,176,176,2022-01-16,Completed,West
ORD_000247,SKU_PIP_0014,CUST_1053,2023-05-01,181,181,2023-05-15,Completed,North
ORD_000248,SKU_PIP_0007,CUST_1742,2023-10-30,319,319,2023-11-11,Completed,South
ORD_000249,SKU_SHE_0020,CUST_1595,2022-08-28,147,147,2022-09-02,Completed,Mumbai
ORD_000250,SKU_PIP_0007,CUST_1366,2022-10-17,201,201,2022-10-28,Completed,East
ORD_000251,SKU_SHE_0018,CUST_1041,2022-06-22,240,240,2022-07-06,Completed,North
ORD_000252,SKU_SHE_0019,CUST_1039,2022-04-29,128,128,2022-05-09,Completed,South
ORD_000253,SKU_PIP_0004,CUST_1147,2022-10-11,340,340,2022-10-14,Completed,South
ORD_000254,SKU_SHE_0019,CUST_1798,2022-01-22,52,52,2022-01-26,Completed,East
ORD_000255,SKU_FAS_0048,CUST_1770,2023-12-17,133,22,2023-12-21,Pending,Mumbai
ORD_000256,SKU_COI_0030,CUST_1258,2023-12-14,208,208,2023-12-17,Completed,South
ORD_000257,SKU_COI_0034,CUST_1236,2022-07-02,211,211,2022-07-16,Completed,North
ORD_000258,SKU_FAS_0047,CUST_1006,2022-08-24,149,41,2022-08-27,Pending,North
ORD_000259,SKU_FIT_0043,CUST_1500,2022-10-16,115,115,2022-10-19,Completed,North
ORD_000260,SKU_FIT_0042,CUST_1610,2022-05-17,169,169,2022-05-21,Completed,Mumbai
ORD_000261,SKU_SHE_0020,CUST_1754,2022-10-08,150,150,2022-10-17,Completed,South
ORD_000262,SKU_FAS_0046,CUST_1278,2023-10-13,292,292,2023-10-26,Completed,East
ORD_000263,SKU_FAS_0049,CUST_1302,2022-02-07,185,185,2022-02-20,Completed,West
ORD_000264,SKU_FIT_0040,CUST_1546,2022-03-20,285,126,2022-03-22,Pending,West
ORD_000265,SKU_SHE_0016,CUST_1733,2022-01-09,82,0,,Cancelled,Mumbai
ORD_000266,SKU_PIP_0013,CUST_1405,2023-11-29,174,174,2023-12-07,Completed,East
ORD_000267,SKU_PIP_0013,CUST_1065,2022-10-03,137,137,2022-10-13,Completed,South
ORD_000268,SKU_PIP_0009,CUST_1369,2022-08-21,207,207,2022-09-02,Completed,North
ORD_000269,SKU_FAS_0049,CUST_1177,2022-08-05,51,51,2022-08-11,Completed,Mumbai
ORD_000270,SKU_SHE_0026,CUST_1718,2022-12-26,231,231,2023-01-01,Completed,Mumbai
ORD_000271,SKU_COI_0030,CUST_1780,2022-06-29,176,176,2022-07-08,Completed,West
ORD_000272,SKU_SHE_0016,CUST_1647,2022-01-22,270,0,,Cancelled,North
ORD_000273,SKU_COI_0029,CUST_1192,2022-04-13,189,189,2022-04-26,Completed,South
ORD_000274,SKU_FAS_0048,CUST_1090,2022-08-20,212,212,2022-08-29,Completed,West
ORD_000275,SKU_SHE_0025,CUST_1664,2023-03-04,194,194,2023-03-08,Completed,West
ORD_000276,SKU_SHE_0027,CUST_1655,2022-08-11,238,238,2022-08-17,Completed,South
ORD_000277,SKU_PIP_0012,CUST_1357,2023-12-14,93,0,,Cancelled,East
ORD_000278,SKU_SHE_0025,CUST_1333,2022-03-26,158,76,2022-03-29,Pending,Mumbai
ORD_000279,SKU_PIP_0013,CUST_1668,2022-10-26,179,179,2022-11-04,Completed,East
ORD_000280,SKU_FIT_0045,CUST_1679,2023-07-03,142,142,2023-07-13,Completed,North
ORD_000281,SKU_SHE_0027,CUST_1289,2022-12-03,118,118,2022-12-16,Completed,West
ORD_000282,SKU_FIT_0042,CUST_1381,2023-07-30,146,42,2023-08-03,Pending,North
ORD_000283,SKU_SHE_0016,CUST_1531,2023-01-11,297,297,2023-01-19,Completed,Mumbai
ORD_000284,SKU_COI_0029,CUST_1617,2023-09-04,139,139,2023-09-18,Completed,West
ORD_000285,SKU_SHE_0017,CUST_1079,2023-08-08,183,183,2023-08-22,Completed,North
ORD_000286,SKU_FIT_0039,CUST_1402,2022-08-12,46,0,,Cancelled,East
ORD_000287,SKU_COI_0035,CUST_1226,2022-08-18,252,252,2022-08-25,Completed,South
ORD_000288,SKU_SHE_0016,CUST_1392,2022-04-06,175,175,2022-04-14,Completed,East
ORD_000289,SKU_PIP_0010,CUST_1696,2023-09-25,125,125,2023-10-03,Completed,East
ORD_000290,SKU_SHE_0020,CUST_1133,2023-10-11,139,139,2023-10-19,Completed,East
ORD_000291,SKU_SHE_0020,CUST_1691,2022-11-30,114,114,2022-12-04,Completed,East
ORD_000292,SKU_FIT_0040,CUST_1161,2023-09-27,103,103,2023-10-01,Completed,South
ORD_000293,SKU_FAS_0049,CUST_1318,2022-01-23,95,95,2022-01-31,Completed,North
ORD_000294,SKU_PIP_0003,CUST_1934,2022-07-31,179,0,,Cancelled,West
ORD_000295,SKU_COI_0030,CUST_1785,2023-01-29,148,4,2023-02-02,Pending,East
ORD_000296,SKU_FAS_0049,CUST_1228,2023-12-04,343,343,2023-12-17,Completed,East
ORD_000297,SKU_FIT_0041,CUST_1702,2023-11-18,107,33,2023-11-22,Pending,West
ORD_000298,SKU_SHE_0021,CUST_1552,2022-11-19,170,170,2022-11-24,Completed,South
ORD_000299,SKU_FAS_0048,CUST_1683,2022-10-22,293,293,2022-11-03,Completed,North
ORD_000300,SKU_FAS_0049,CUST_1676,2022-10-20,214,214,2022-10-31,Completed,South
ORD_000301,SKU_SHE_0017,CUST_1605,2022-04-04,120,120,2022-04-16,Completed,East
ORD_000302,SKU_PIP_0009,CUST_1012,2022-02-04,240,240,2022-02-18,Completed,North
ORD_000303,SKU_PIP_0013,CUST_1535,2023-08-18,240,0,,Cancelled,North
ORD_000304,SKU_PIP_0012,CUST_1290,2023-03-31,124,124,2023-04-04,Completed,North
ORD_000305,SKU_PIP_0011,CUST_1546,2022-07-15,105,105,2022-07-24,Completed,Mumbai
ORD_000306,SKU_COI_0037,CUST_1593,2023-02-09,221,221,2023-02-18,Completed,Mumbai
ORD_000307,SKU_COI_0037,CUST_1962,2022-10-24,327,0,,Cancelled,Mumbai
ORD_000308,SKU_SHE_0026,CUST_1583,2023-09-07,260,260,2023-09-20,Completed,South
ORD_000309,SKU_SHE_0019,CUST_1324,2023-11-29,154,74,2023-12-03,Pending,North
ORD_000310,SKU_SHE_0025,CUST_1737,2022-05-07,242,242,2022-05-11,Completed,South
ORD_000311,SKU_COI_0028,CUST_1139,2023-04-26,242,242,2023-05-02,Completed,North
ORD_000312,SKU_PIP_0003,CUST_1466,2023-12-19,104,104,2023-12-28,Completed,Mumbai
ORD_000313,SKU_COI_0036,CUST_1997,2023-10-19,175,175,2023-10-23,Completed,Mumbai
ORD_000314,SKU_PIP_0004,CUST_1676,2022-01-06,293,293,2022-01-14,Completed,Mumbai
ORD_000315,SKU_SHE_0025,CUST_1666,2023-11-10,339,339,2023-11-20,Completed,West
ORD_000316,SKU_SHE_0017,CUST_1149,2022-02-15,193,5,2022-02-16,Pending,West
ORD_000317,SKU_PIP_0008,CUST_1344,2023-01-22,266,266,2023-01-26,Completed,West
ORD_000318,SKU_PIP_0010,CUST_1978,2023-10-24,123,123,2023-10-27,Completed,Mumbai
ORD_000319,SKU_SHE_0026,CUST_1589,2023-02-15,170,170,2023-02-25,Completed,East
ORD_000320,SKU_FAS_0047,CUST_1627,2022-11-15,210,210,2022-11-29,Completed,West
ORD_000321,SKU_FIT_0044,CUST_1477,2023-02-05,89,89,2023-02-16,Completed,West
ORD_000322,SKU_PIP_0011,CUST_1697,2023-09-25,275,275,2023-10-08,Completed,West
ORD_000323,SKU_PIP_0006,CUST_1356,2022-08-04,215,215,2022-08-13,Completed,East
ORD_000324,SKU_FIT_0045,CUST_1805,2022-05-14,114,114,2022-05-22,Completed,North
ORD_000325,SKU_SHE_0024,CUST_1665,2022-05-05,128,128,2022-05-10,Completed,Mumbai
ORD_000326,SKU_PIP_0006,CUST_1246,2022-04-16,242,20,2022-04-20,Pending,East
ORD_000327,SKU_PIP_0012,CUST_1170,2023-07-05,210,210,2023-07-11,Completed,North
ORD_000328,SKU_PIP_0013,CUST_1146,2023-03-01,107,107,2023-03-12,Completed,Mumbai
ORD_000329,SKU_FIT_0041,CUST_1778,2023-12-01,232,92,2023-12-04,Pending,East
ORD_000330,SKU_PIP_0011,CUST_1783,2023-09-13,165,165,2023-09-21,Completed,North
ORD_000331,SKU_FAS_0050,CUST_1071,2023-08-17,140,140,2023-08-21,Completed,West
ORD_000332,SKU_COI_0034,CUST_1043,2023-10-28,156,156,2023-11-09,Completed,Mumbai
ORD_000333,SKU_PIP_0011,CUST_1065,2022-10-17,219,219,2022-10-21,Completed,Mumbai
ORD_000334,SKU_SHE_0020,CUST_1573,2023-04-16,198,32,2023-04-18,Pending,West
ORD_000335,SKU_SHE_0018,CUST_1641,2022-10-13,227,227,2022-10-19,Completed,Mumbai
ORD_000336,SKU_PIP_0011,CUST_1024,2022-11-07,330,330,2022-11-17,Completed,South
ORD_000337,SKU_PIP_0002,CUST_1336,2023-02-26,287,107,2023-03-01,Pending,East
ORD_000338,SKU_COI_0029,CUST_1165,2023-11-29,133,133,2023-12-13,Completed,Mumbai
ORD_000339,SKU_FIT_0043,CUST_1387,2022-05-18,236,49,2022-05-20,Pending,South
ORD_000340,SKU_COI_0032,CUST_1026,2023-01-06,178,178,2023-01-18,Completed,South
ORD_000341,SKU_PIP_0002,CUST_1849,2023-11-01,219,219,2023-11-07,Completed,East
ORD_000342,SKU_PIP_0009,CUST_1534,2022-04-20,98,13,2022-04-23,Pending,West
ORD_000343,SKU_FIT_0040,CUST_1557,2023-03-28,186,186,2023-04-05,Completed,South
ORD_000344,SKU_PIP_0012,CUST_1874,2022-10-26,280,280,2022-10-31,Completed,Mumbai
ORD_000345,SKU_SHE_0016,CUST_1897,2023-01-06,86,32,2023-01-07,Pending,North
ORD_000346,SKU_SHE_0026,CUST_1214,2023-07-28,102,102,2023-07-31,Completed,South
ORD_000347,SKU_COI_0030,CUST_1239,2023-06-16,201,201,2023-06-27,Completed,South
ORD_000348,SKU_SHE_0024,CUST_1504,2023-10-06,111,111,2023-10-17,Completed,Mumbai
ORD_000349,SKU_SHE_0018,CUST_1765,2023-12-07,292,292,2023-12-12,Completed,North
ORD_000350,SKU_COI_0028,CUST_1547,2023-09-29,187,0,,Cancelled,Mumbai
ORD_000351,SKU_PIP_0009,CUST_1700,2023-09-15,64,0,,Cancelled,Mumbai
ORD_000352,SKU_FIT_0041,CUST_1506,2022-11-16,117,117,2022-11-26,Completed,West
ORD_000353,SKU_SHE_0025,CUST_1987,2023-09-09,183,183,2023-09-20,Completed,West
ORD_000354,SKU_FAS_0049,CUST_1225,2023-12-01,154,154,2023-12-05,Completed,North
ORD_000355,SKU_COI_0029,CUST_1442,2022-01-14,213,213,2022-01-24,Completed,South
ORD_000356,SKU_COI_0036,CUST_1560,2023-08-20,65,1,2023-08-24,Pending,East
ORD_000357,SKU_FIT_0040,CUST_1742,2023-03-02,150,150,2023-03-06,Completed,South
ORD_000358,SKU_FIT_0042,CUST_1679,2022-10-04,148,148,2022-10-18,Completed,Mumbai
ORD_000359,SKU_SHE_0020,CUST_1138,2022-12-09,200,0,,Cancelled,North
ORD_000360,SKU_COI_0034,CUST_1743,2022-11-13,76,76,2022-11-16,Completed,Mumbai
ORD_000361,SKU_PIP_0001,CUST_1133,2023-08-15,54,54,2023-08-24,Completed,Mumbai
ORD_000362,SKU_FIT_0043,CUST_1657,2023-01-04,147,147,2023-01-17,Completed,West
ORD_000363,SKU_FIT_0042,CUST_1992,2022-04-09,110,110,2022-04-12,Completed,North
ORD_000364,SKU_PIP_0010,CUST_1520,2023-12-18,140,140,2023-12-26,Completed,North
ORD_000365,SKU_PIP_0011,CUST_1020,2023-07-14,212,212,2023-07-17,Completed,West
ORD_000366,SKU_COI_0036,CUST_1054,2023-01-22,58,23,2023-01-24,Pending,East
ORD_000367,SKU_PIP_0010,CUST_1862,2022-10-05,154,154,2022-10-09,Completed,South
ORD_000368,SKU_SHE_0016,CUST_1716,2022-01-01,294,294,2022-01-05,Completed,Mumbai
ORD_000369,SKU_PIP_0015,CUST_1053,2023-06-04,104,0,,Cancelled,South
ORD_000370,SKU_SHE_0019,CUST_1166,2023-01-14,188,188,2023-01-20,Completed,West
ORD_000371,SKU_SHE_0021,CUST_1850,2022-06-27,104,104,2022-07-08,Completed,East
ORD_000372,SKU_COI_0031,CUST_1554,2022-03-09,238,238,2022-03-15,Completed,South
ORD_000373,SKU_FAS_0047,CUST_1880,2022-12-25,252,252,2022-12-30,Completed,North
ORD_000374,SKU_PIP_0006,CUST_1831,2023-04-22,124,124,2023-05-03,Completed,East
ORD_000375,SKU_PIP_0007,CUST_1666,2023-07-22,60,24,2023-07-24,Pending,North
ORD_000376,SKU_COI_0036,CUST_1023,2022-02-16,62,62,2022-02-20,Completed,North
ORD_000377,SKU_COI_0028,CUST_1589,2023-02-23,218,218,2023-03-02,Completed,South
ORD_000378,SKU_PIP_0008,CUST_1827,2022-10-24,209,209,2022-11-01,Completed,South
ORD_000379,SKU_COI_0028,CUST_1421,2022-04-15,242,242,2022-04-24,Completed,West
ORD_000380,SKU_COI_0035,CUST_1382,2022-05-18,224,0,,Cancelled,West
ORD_000381,SKU_FIT_0045,CUST_1913,2023-04-09,212,212,2023-04-20,Completed,East
ORD_000382,SKU_COI_0029,CUST_1274,2022-01-20,288,69,2022-01-23,Pending,South
ORD_000383,SKU_FIT_0040,CUST_1682,2022-07-05,150,150,2022-07-16,Completed,Mumbai
ORD_000384,SKU_SHE_0019,CUST_1712,2022-05-16,272,104,2022-05-18,Pending,North
ORD_000385,SKU_COI_0036,CUST_1913,2023-10-16,379,379,2023-10-23,Completed,West
ORD_000386,SKU_COI_0037,CUST_1992,2022-05-19,69,69,2022-06-01,Completed,West
ORD_000387,SKU_PIP_0008,CUST_1004,2023-10-29,287,287,2023-11-12,Completed,East
ORD_000388,SKU_SHE_0021,CUST_1436,2023-05-23,117,117,2023-06-03,Completed,West
ORD_000389,SKU_PIP_0012,CUST_1841,2022-03-18,97,97,2022-03-26,Completed,South
ORD_000390,SKU_PIP_0013,CUST_1551,2023-04-21,107,107,2023-04-26,Completed,North
ORD_000391,SKU_PIP_0013,CUST_1077,2023-03-18,77,19,2023-03-20,Pending,Mumbai
ORD_000392,SKU_PIP_0009,CUST_1737,2022-05-22,174,174,2022-05-25,Completed,North
ORD_000393,SKU_SHE_0024,CUST_1158,2023-03-22,190,190,2023-03-26,Completed,North
ORD_000394,SKU_COI_0032,CUST_1043,2022-09-21,293,293,2022-10-05,Completed,West
ORD_000395,SKU_SHE_0016,CUST_1334,2023-04-09,108,108,2023-04-22,Completed,North
ORD_000396,SKU_COI_0033,CUST_1798,2022-11-28,83,17,2022-12-01,Pending,North
ORD_000397,SKU_FIT_0045,CUST_1830,2023-04-08,248,248,2023-04-20,Completed,North
ORD_000398,SKU_FIT_0044,CUST_1587,2022-06-06,231,231,2022-06-12,Completed,North
ORD_000399,SKU_SHE_0019,CUST_1066,2023-10-24,89,89,2023-11-04,Completed,North
ORD_000400,SKU_COI_0034,CUST_1825,2022-12-09,236,236,2022-12-20,Completed,Mumbai
ORD_000401,SKU_PIP_0015,CUST_1705,2023-10-24,234,234,2023-10-30,Completed,South
ORD_000402,SKU_FAS_0047,CUST_1361,2022-12-04,150,150,2022-12-13,Completed,North
ORD_000403,SKU_SHE_0027,CUST_1569,2023-09-17,182,31,2023-09-18,Pending,East
ORD_000404,SKU_FAS_0047,CUST_1869,2022-03-17,207,207,2022-03-22,Completed,North
ORD_000405,SKU_FIT_0041,CUST_1167,2023-10-04,93,93,2023-10-11,Completed,North
ORD_000406,SKU_PIP_0013,CUST_1924,2022-02-21,258,258,2022-02-24,Completed,South
ORD_000407,SKU_PIP_0009,CUST_1653,2023-11-11,135,135,2023-11-24,Completed,West
ORD_000408,SKU_FAS_0046,CUST_1196,2023-02-21,201,201,2023-03-04,Completed,South
ORD_000409,SKU_COI_0036,CUST_1148,2022-12-31,204,93,2023-01-02,Pending,West
ORD_000410,SKU_FAS_0048,CUST_1229,2023-07-29,113,113,2023-08-05,Completed,North
ORD_000411,SKU_PIP_0011,CUST_1320,2023-12-14,227,0,,Cancelled,North
ORD_000412,SKU_COI_0035,CUST_1628,2022-12-18,293,19,2022-12-21,Pending,Mumbai
ORD_000413,SKU_PIP_0005,CUST_1617,2023-04-28,196,196,2023-05-06,Completed,South
ORD_000414,SKU_SHE_0016,CUST_1289,2023-01-21,63,63,2023-02-02,Completed,South
ORD_000415,SKU_SHE_0025,CUST_1400,2022-07-26,118,118,2022-08-05,Completed,East
ORD_000416,SKU_PIP_0008,CUST_1418,2022-10-10,159,159,2022-10-13,Completed,West
ORD_000417,SKU_SHE_0023,CUST_1580,2023-03-23,166,166,2023-03-26,Completed,West
ORD_000418,SKU_COI_0032,CUST_1737,2022-12-12,169,169,2022-12-18,Completed,Mumbai
ORD_000419,SKU_PIP_0002,CUST_1380,2023-02-07,201,201,2023-02-20,Completed,East
ORD_000420,SKU_SHE_0022,CUST_1015,2022-10-24,265,265,2022-10-30,Completed,West
ORD_000421,SKU_PIP_0001,CUST_1017,2022-12-17,287,287,2022-12-24,Completed,Mumbai
ORD_000422,SKU_SHE_0018,CUST_1431,2022-10-21,364,1,2022-10-22,Pending,West
ORD_000423,SKU_PIP_0010,CUST_1054,2022-10-03,166,166,2022-10-15,Completed,North
ORD_000424,SKU_PIP_0010,CUST_1522,2023-05-11,88,88,2023-05-18,Completed,East
ORD_000425,SKU_FAS_0050,CUST_1299,2023-04-08,262,262,2023-04-18,Completed,West
ORD_000426,SKU_PIP_0004,CUST_1751,2023-01-28,280,280,2023-02-11,Completed,Mumbai
ORD_000427,SKU_FIT_0040,CUST_1812,2023-03-11,235,235,2023-03-14,Completed,North
ORD_000428,SKU_FAS_0050,CUST_1875,2023-04-11,120,0,,Cancelled,South
ORD_000429,SKU_FIT_0043,CUST_1313,2022-12-31,75,0,,Cancelled,North
ORD_000430,SKU_PIP_0013,CUST_1698,2022-05-11,84,84,2022-05-17,Completed,South
ORD_000431,SKU_COI_0032,CUST_1889,2022-06-12,54,5,2022-06-13,Pending,Mumbai
ORD_000432,SKU_COI_0033,CUST_1800,2023-03-12,132,132,2023-03-19,Completed,South
ORD_000433,SKU_PIP_0015,CUST_1590,2023-10-21,202,202,2023-10-29,Completed,West
ORD_000434,SKU_PIP_0009,CUST_1869,2023-04-13,147,147,2023-04-17,Completed,West
ORD_000435,SKU_PIP_0009,CUST_1992,2023-09-27,102,23,2023-10-01,Pending,South
ORD_000436,SKU_SHE_0024,CUST_1253,2022-01-13,92,17,2022-01-16,Pending,South
ORD_000437,SKU_SHE_0019,CUST_1280,2023-06-22,188,0,,Cancelled,South
ORD_000438,SKU_FIT_0044,CUST_1356,2022-09-30,117,117,2022-10-13,Completed,Mumbai
ORD_000439,SKU_PIP_0004,CUST_1330,2023-02-13,272,272,2023-02-17,Completed,North
ORD_000440,SKU_SHE_0025,CUST_1433,2023-12-11,97,0,,Cancelled,East
ORD_000441,SKU_SHE_0025,CUST_1146,2023-11-25,65,65,2023-12-04,Completed,East
ORD_000442,SKU_PIP_0004,CUST_1809,2023-11-08,130,130,2023-11-16,Completed,South
ORD_000443,SKU_SHE_0019,CUST_1568,2022-12-25,243,243,2022-12-28,Completed,North
ORD_000444,SKU_SHE_0019,CUST_1798,2022-09-18,168,168,2022-09-23,Completed,West
ORD_000445,SKU_FIT_0039,CUST_1472,2023-04-27,298,10,2023-04-29,Pending,North
ORD_000446,SKU_COI_0036,CUST_1795,2022-07-22,100,100,2022-07-28,Completed,East
ORD_000447,SKU_FAS_0047,CUST_1761,2023-08-14,135,135,2023-08-28,Completed,Mumbai
ORD_000448,SKU_SHE_0026,CUST_1342,2022-08-09,103,103,2022-08-12,Completed,South
ORD_000449,SKU_FIT_0043,CUST_1208,2023-09-07,173,173,2023-09-20,Completed,West
ORD_000450,SKU_PIP_0003,CUST_1886,2023-03-18,266,266,2023-03-28,Completed,West
ORD_000451,SKU_FAS_0050,CUST_1792,2023-10-29,278,278,2023-11-11,Completed,South
ORD_000452,SKU_PIP_0001,CUST_1888,2023-05-31,206,206,2023-06-13,Completed,South
ORD_000453,SKU_FAS_0046,CUST_1982,2023-01-30,123,123,2023-02-02,Completed,West
ORD_000454,SKU_FAS_0047,CUST_1730,2022-08-28,59,59,2022-09-10,Completed,East
ORD_000455,SKU_PIP_0006,CUST_1385,2023-09-22,247,247,2023-10-02,Completed,Mumbai
ORD_000456,SKU_FAS_0047,CUST_1859,2023-10-02,291,18,2023-10-06,Pending,South
ORD_000457,SKU_PIP_0007,CUST_1938,2023-07-14,213,32,2023-07-18,Pending,Mumbai
ORD_000458,SKU_PIP_0001,CUST_1577,2022-08-27,69,69,2022-09-08,Completed,Mumbai
ORD_000459,SKU_COI_0028,CUST_1417,2022-12-23,228,97,2022-12-27,Pending,North
ORD_000460,SKU_FAS_0047,CUST_1056,2023-07-31,51,51,2023-08-08,Completed,North
ORD_000461,SKU_PIP_0001,CUST_1793,2022-09-14,209,209,2022-09-19,Completed,North
ORD_000462,SKU_SHE_0019,CUST_1316,2023-02-17,227,227,2023-02-27,Completed,North
ORD_000463,SKU_FAS_0046,CUST_1420,2023-07-27,56,56,2023-08-10,Completed,West
ORD_000464,SKU_FAS_0050,CUST_1643,2023-07-09,90,90,2023-07-12,Completed,South
ORD_000465,SKU_COI_0037,CUST_1046,2022-06-19,54,7,2022-06-23,Pending,Mumbai
ORD_000466,SKU_SHE_0016,CUST_1606,2022-03-06,137,0,,Cancelled,West
ORD_000467,SKU_SHE_0017,CUST_1382,2023-08-24,228,228,2023-08-29,Completed,East
ORD_000468,SKU_SHE_0022,CUST_1074,2022-03-02,235,235,2022-03-16,Completed,North
ORD_000469,SKU_FIT_0045,CUST_1739,2022-06-30,93,93,2022-07-12,Completed,West
ORD_000470,SKU_SHE_0027,CUST_1820,2023-04-18,208,208,2023-04-24,Completed,West
ORD_000471,SKU_SHE_0017,CUST_1493,2022-11-27,269,269,2022-12-05,Completed,Mumbai
ORD_000472,SKU_FIT_0043,CUST_1880,2022-04-25,76,76,2022-04-28,Completed,East
ORD_000473,SKU_PIP_0004,CUST_1336,2022-12-02,340,340,2022-12-08,Completed,East
ORD_000474,SKU_SHE_0017,CUST_1685,2023-10-28,258,258,2023-11-07,Completed,West
ORD_000475,SKU_PIP_0001,CUST_1428,2023-03-03,214,214,2023-03-13,Completed,Mumbai
ORD_000476,SKU_PIP_0009,CUST_1461,2023-04-04,238,238,2023-04-17,Completed,South
ORD_000477,SKU_FIT_0042,CUST_1364,2022-03-13,220,220,2022-03-24,Completed,North
ORD_000478,SKU_FIT_0039,CUST_1472,2022-07-14,175,175,2022-07-19,Completed,North
ORD_000479,SKU_SHE_0019,CUST_1566,2023-09-08,135,0,,Cancelled,South
ORD_000480,SKU_FAS_0050,CUST_1242,2022-07-22,68,68,2022-08-04,Completed,North
ORD_000481,SKU_PIP_0007,CUST_1896,2023-11-19,227,227,2023-12-03,Completed,Mumbai
ORD_000482,SKU_FIT_0043,CUST_1464,2022-05-03,267,267,2022-05-06,Completed,North
ORD_000483,SKU_FAS_0050,CUST_1849,2023-08-30,51,51,2023-09-07,Completed,Mumbai
ORD_000484,SKU_FIT_0043,CUST_1996,2022-02-28,213,213,2022-03-10,Completed,North
ORD_000485,SKU_SHE_0017,CUST_1935,2022-03-31,245,245,2022-04-14,Completed,North
ORD_000486,SKU_SHE_0021,CUST_1979,2023-06-17,85,85,2023-06-23,Completed,East
ORD_000487,SKU_FAS_0049,CUST_1300,2023-11-03,76,76,2023-11-10,Completed,West
ORD_000488,SKU_COI_0028,CUST_1949,2023-09-20,100,100,2023-09-23,Completed,West
ORD_000489,SKU_PIP_0003,CUST_1586,2023-11-18,367,367,2023-11-22,Completed,North
ORD_000490,SKU_COI_0035,CUST_1832,2023-05-16,235,235,2023-05-30,Completed,North
ORD_000491,SKU_PIP_0003,CUST_1067,2023-04-12,78,78,2023-04-18,Completed,Mumbai
ORD_000492,SKU_COI_0029,CUST_1890,2023-01-23,290,290,2023-02-05,Completed,North
ORD_000493,SKU_SHE_0022,CUST_1176,2023-01-22,264,264,2023-01-31,Completed,West
ORD_000494,SKU_SHE_0021,CUST_1229,2022-06-20,231,231,2022-07-01,Completed,South
ORD_000495,SKU_COI_0035,CUST_1294,2023-08-23,51,25,2023-08-27,Pending,East
ORD_000496,SKU_PIP_0001,CUST_1756,2022-03-02,295,295,2022-03-05,Completed,North
ORD_000497,SKU_PIP_0014,CUST_1044,2022-05-24,146,146,2022-05-27,Completed,West
ORD_000498,SKU_FIT_0038,CUST_1423,2023-02-21,210,4,2023-02-25,Pending,North
ORD_000499,SKU_FAS_0048,CUST_1558,2023-12-18,131,131,2023-12-30,Completed,North
ORD_000500,SKU_COI_0031,CUST_1589,2023-01-22,236,236,2023-01-26,Completed,North
ORD_000501,SKU_COI_0028,CUST_1467,2023-08-22,134,134,2023-08-25,Completed,South
ORD_000502,SKU_COI_0033,CUST_1248,2023-08-04,143,143,2023-08-18,Completed,Mumbai
ORD_000503,SKU_SHE_0023,CUST_1286,2023-08-31,89,89,2023-09-03,Completed,Mumbai
ORD_000504,SKU_FAS_0049,CUST_1988,2023-09-29,249,249,2023-10-05,Completed,South
ORD_000505,SKU_PIP_0005,CUST_1929,2022-05-01,246,27,2022-05-02,Pending,West
ORD_000506,SKU_FIT_0039,CUST_1566,2023-05-27,267,267,2023-06-06,Completed,West
ORD_000507,SKU_SHE_0016,CUST_1917,2023-11-16,384,0,,Cancelled,South
ORD_000508,SKU_SHE_0023,CUST_1082,2022-03-03,80,80,2022-03-17,Completed,North
ORD_000509,SKU_FIT_0042,CUST_1841,2023-10-05,213,213,2023-10-17,Completed,East
ORD_000510,SKU_SHE_0016,CUST_1472,2023-01-22,275,275,2023-02-01,Completed,North
ORD_000511,SKU_PIP_0013,CUST_1898,2023-12-12,209,209,2023-12-17,Completed,North
ORD_000512,SKU_FAS_0047,CUST_1918,2022-07-22,178,62,2022-07-25,Pending,West
ORD_000513,SKU_PIP_0008,CUST_1810,2023-06-05,62,62,2023-06-09,Completed,East
ORD_000514,SKU_FAS_0046,CUST_1020,2023-05-05,282,282,2023-05-13,Completed,North
ORD_000515,SKU_SHE_0025,CUST_1486,2023-12-09,185,185,2023-12-18,Completed,East
ORD_000516,SKU_SHE_0018,CUST_1154,2023-03-16,277,73,2023-03-17,Pending,Mumbai
ORD_000517,SKU_COI_0033,CUST_1411,2022-06-22,45,45,2022-07-04,Completed,East
ORD_000518,SKU_COI_0037,CUST_1992,2023-08-06,69,69,2023-08-20,Completed,East
ORD_000519,SKU_SHE_0024,CUST_1840,2023-06-28,90,1,2023-07-01,Pending,West
ORD_000520,SKU_SHE_0020,CUST_1184,2023-06-29,50,50,2023-07-05,Completed,East
ORD_000521,SKU_COI_0028,CUST_1637,2023-03-03,129,129,2023-03-06,Completed,East
ORD_000522,SKU_SHE_0021,CUST_1278,2022-09-22,58,58,2022-09-25,Completed,West
ORD_000523,SKU_FIT_0045,CUST_1008,2022-07-27,165,50,2022-07-31,Pending,North
ORD_000524,SKU_PIP_0005,CUST_1443,2023-08-15,56,0,,Cancelled,North
ORD_000525,SKU_SHE_0019,CUST_1438,2023-03-21,185,185,2023-04-01,Completed,South
ORD_000526,SKU_PIP_0005,CUST_1695,2023-11-11,338,338,2023-11-18,Completed,North
ORD_000527,SKU_FAS_0047,CUST_1146,2022-08-19,55,24,2022-08-20,Pending,East
ORD_000528,SKU_FAS_0048,CUST_1345,2022-06-09,73,73,2022-06-15,Completed,Mumbai
ORD_000529,SKU_SHE_0016,CUST_1588,2023-10-19,361,0,,Cancelled,North
ORD_000530,SKU_PIP_0013,CUST_1840,2023-11-27,70,70,2023-12-02,Completed,East
ORD_000531,SKU_COI_0033,CUST_1377,2022-08-02,84,84,2022-08-13,Completed,North
ORD_000532,SKU_SHE_0018,CUST_1946,2022-01-29,88,88,2022-02-01,Completed,South
ORD_000533,SKU_FAS_0046,CUST_1067,2022-07-16,162,74,2022-07-18,Pending,Mumbai
ORD_000534,SKU_SHE_0023,CUST_1923,2023-07-20,158,158,2023-07-31,Completed,South
ORD_000535,SKU_COI_0037,CUST_1317,2023-08-21,219,219,2023-08-27,Completed,North
ORD_000536,SKU_PIP_0009,CUST_1948,2022-09-15,273,273,2022-09-22,Completed,East
ORD_000537,SKU_SHE_0022,CUST_1171,2023-10-10,140,13,2023-10-11,Pending,Mumbai
ORD_000538,SKU_COI_0031,CUST_1125,2022-02-10,172,62,2022-02-13,Pending,Mumbai
ORD_000539,SKU_PIP_0005,CUST_1081,2023-06-26,103,103,2023-07-01,Completed,Mumbai
ORD_000540,SKU_PIP_0002,CUST_1266,2022-10-20,332,28,2022-10-23,Pending,East
ORD_000541,SKU_SHE_0018,CUST_1888,2023-02-24,203,0,,Cancelled,North
ORD_000542,SKU_COI_0029,CUST_1261,2022-03-18,50,50,2022-03-23,Completed,East
ORD_000543,SKU_PIP_0007,CUST_1740,2022-06-12,54,54,2022-06-21,Completed,South
ORD_000544,SKU_PIP_0011,CUST_1427,2023-05-12,109,109,2023-05-15,Completed,Mumbai
ORD_000545,SKU_PIP_0010,CUST_1732,2022-05-27,52,52,2022-05-30,Completed,North
ORD_000546,SKU_FIT_0043,CUST_1627,2022-12-31,180,23,2023-01-01,Pending,North
ORD_000547,SKU_PIP_0005,CUST_1485,2023-08-13,119,119,2023-08-23,Completed,West
ORD_000548,SKU_FIT_0039,CUST_1339,2023-11-18,133,35,2023-11-21,Pending,North
ORD_000549,SKU_PIP_0013,CUST_1718,2023-05-18,109,109,2023-05-30,Completed,Mumbai
ORD_000550,SKU_SHE_0023,CUST_1027,2022-03-11,267,267,2022-03-16,Completed,South
ORD_000551,SKU_SHE_0019,CUST_1257,2022-10-23,271,271,2022-10-27,Completed,East
ORD_000552,SKU_SHE_0017,CUST_1183,2023-03-11,156,14,2023-03-14,Pending,North
ORD_000553,SKU_SHE_0026,CUST_1898,2022-12-02,187,187,2022-12-09,Completed,South
ORD_000554,SKU_SHE_0019,CUST_1540,2022-03-13,63,63,2022-03-27,Completed,Mumbai
ORD_000555,SKU_SHE_0026,CUST_1223,2023-09-24,228,228,2023-10-05,Completed,South
ORD_000556,SKU_SHE_0025,CUST_1884,2023-05-07,238,238,2023-05-10,Completed,West
ORD_000557,SKU_PIP_0012,CUST_1649,2022-06-13,239,62,2022-06-15,Pending,Mumbai
ORD_000558,SKU_FAS_0046,CUST_1470,2022-12-11,309,309,2022-12-15,Completed,West
ORD_000559,SKU_SHE_0016,CUST_1527,2023-11-19,323,323,2023-12-02,Completed,West
ORD_000560,SKU_PIP_0007,CUST_1529,2023-03-10,81,34,2023-03-11,Pending,Mumbai
ORD_000561,SKU_SHE_0022,CUST_1833,2023-07-14,45,45,2023-07-23,Completed,South
ORD_000562,SKU_SHE_0019,CUST_1101,2023-08-06,189,48,2023-08-08,Pending,West
ORD_000563,SKU_SHE_0025,CUST_1684,2023-03-07,89,89,2023-03-16,Completed,East
ORD_000564,SKU_FAS_0046,CUST_1086,2023-02-01,70,70,2023-02-06,Completed,Mumbai
ORD_000565,SKU_COI_0033,CUST_1260,2022-08-22,44,0,,Cancelled,North
ORD_000566,SKU_COI_0035,CUST_1796,2022-03-11,247,247,2022-03-25,Completed,North
ORD_000567,SKU_SHE_0016,CUST_1024,2023-03-01,283,283,2023-03-15,Completed,Mumbai
ORD_000568,SKU_COI_0037,CUST_1671,2022-12-14,102,102,2022-12-27,Completed,East
ORD_000569,SKU_SHE_0026,CUST_1377,2023-02-06,274,274,2023-02-13,Completed,East
ORD_000570,SKU_PIP_0002,CUST_1353,2023-03-21,284,284,2023-03-25,Completed,North
ORD_000571,SKU_COI_0034,CUST_1679,2023-08-06,131,131,2023-08-11,Completed,West
ORD_000572,SKU_COI_0035,CUST_1267,2022-11-13,120,120,2022-11-24,Completed,West
ORD_000573,SKU_FAS_0050,CUST_1735,2023-05-17,215,215,2023-05-20,Completed,East
ORD_000574,SKU_COI_0037,CUST_1086,2023-07-28,96,96,2023-08-08,Completed,East
ORD_000575,SKU_PIP_0013,CUST_1675,2023-07-09,152,152,2023-07-14,Completed,South
ORD_000576,SKU_PIP_0007,CUST_1813,2023-11-07,283,283,2023-11-18,Completed,West
ORD_000577,SKU_FIT_0040,CUST_1467,2022-08-23,181,181,2022-09-01,Completed,Mumbai
ORD_000578,SKU_FIT_0040,CUST_1873,2023-05-06,156,156,2023-05-18,Completed,Mumbai
ORD_000579,SKU_FIT_0044,CUST_1697,2023-10-08,349,0,,Cancelled,South
ORD_000580,SKU_FAS_0050,CUST_1146,2023-10-01,325,325,2023-10-11,Completed,East
ORD_000581,SKU_PIP_0007,CUST_1041,2022-10-23,67,67,2022-10-27,Completed,West
ORD_000582,SKU_SHE_0022,CUST_1004,2022-09-01,183,183,2022-09-14,Completed,South
ORD_000583,SKU_SHE_0017,CUST_1728,2022-04-02,276,276,2022-04-10,Completed,East
ORD_000584,SKU_SHE_0016,CUST_1207,2023-09-11,195,195,2023-09-14,Completed,North
ORD_000585,SKU_SHE_0027,CUST_1759,2022-06-12,140,140,2022-06-17,Completed,West
ORD_000586,SKU_FIT_0039,CUST_1381,2023-06-17,85,85,2023-06-20,Completed,East
ORD_000587,SKU_SHE_0019,CUST_1055,2022-11-29,228,228,2022-12-04,Completed,Mumbai
ORD_000588,SKU_SHE_0024,CUST_1848,2023-02-13,296,296,2023-02-26,Completed,East
ORD_000589,SKU_PIP_0003,CUST_1527,2023-10-09,65,65,2023-10-20,Completed,Mumbai
ORD_000590,SKU_SHE_0026,CUST_1855,2023-03-05,284,284,2023-03-13,Completed,North
ORD_000591,SKU_PIP_0007,CUST_1396,2022-12-17,271,271,2022-12-26,Completed,East
ORD_000592,SKU_SHE_0017,CUST_1036,2022-03-08,178,178,2022-03-15,Completed,North
ORD_000593,SKU_SHE_0020,CUST_1142,2022-12-22,319,319,2023-01-05,Completed,North
ORD_000594,SKU_SHE_0019,CUST_1127,2022-07-24,66,0,,Cancelled,South
ORD_000595,SKU_FIT_0041,CUST_1937,2023-03-09,194,194,2023-03-23,Completed,Mumbai
ORD_000596,SKU_COI_0030,CUST_1172,2023-05-09,251,0,,Cancelled,Mumbai
ORD_000597,SKU_PIP_0002,CUST_1676,2023-10-21,239,239,2023-10-31,Completed,East
ORD_000598,SKU_FIT_0038,CUST_1255,2022-07-27,206,102,2022-07-30,Pending,South
ORD_000599,SKU_PIP_0007,CUST_1484,2023-06-20,249,0,,Cancelled,Mumbai
ORD_000600,SKU_FIT_0044,CUST_1133,2022-02-24,270,270,2022-03-08,Completed,East
ORD_000601,SKU_SHE_0026,CUST_1293,2022-04-25,230,230,2022-05-08,Completed,South
ORD_000602,SKU_FIT_0043,CUST_1775,2023-01-16,98,0,,Cancelled,Mumbai
ORD_000603,SKU_FIT_0041,CUST_1362,2023-08-12,217,66,2023-08-15,Pending,East
ORD_000604,SKU_SHE_0027,CUST_1008,2023-06-28,221,221,2023-07-03,Completed,Mumbai
ORD_000605,SKU_PIP_0008,CUST_1797,2022-04-05,90,90,2022-04-12,Completed,West
ORD_000606,SKU_PIP_0011,CUST_1514,2023-11-21,283,0,,Cancelled,East
ORD_000607,SKU_SHE_0016,CUST_1435,2022-07-15,115,0,,Cancelled,West
ORD_000608,SKU_SHE_0025,CUST_1670,2023-04-11,155,155,2023-04-14,Completed,South
ORD_000609,SKU_SHE_0023,CUST_1440,2022-10-03,371,371,2022-10-16,Completed,South
ORD_000610,SKU_PIP_0014,CUST_1772,2022-08-29,161,161,2022-09-12,Completed,South
ORD_000611,SKU_PIP_0006,CUST_1543,2023-05-17,187,187,2023-05-29,Completed,South
ORD_000612,SKU_SHE_0023,CUST_1643,2023-02-20,197,197,2023-03-03,Completed,West
ORD_000613,SKU_FAS_0046,CUST_1162,2022-03-02,174,174,2022-03-10,Completed,East
ORD_000614,SKU_FIT_0044,CUST_1466,2022-08-31,240,104,2022-09-01,Pending,East
ORD_000615,SKU_SHE_0018,CUST_1856,2023-06-06,173,0,,Cancelled,North
ORD_000616,SKU_PIP_0001,CUST_1192,2022-04-24,75,75,2022-05-08,Completed,North
ORD_000617,SKU_COI_0037,CUST_1815,2023-08-30,71,71,2023-09-13,Completed,East
ORD_000618,SKU_SHE_0019,CUST_1025,2023-07-23,68,0,,Cancelled,Mumbai
ORD_000619,SKU_COI_0028,CUST_1001,2023-03-11,119,119,2023-03-18,Completed,North
ORD_000620,SKU_SHE_0022,CUST_1476,2022-11-20,297,297,2022-12-03,Completed,Mumbai
ORD_000621,SKU_COI_0037,CUST_1952,2022-04-15,115,115,2022-04-18,Completed,North
ORD_000622,SKU_SHE_0020,CUST_1762,2022-12-20,161,161,2023-01-01,Completed,South
ORD_000623,SKU_SHE_0023,CUST_1553,2023-11-29,191,191,2023-12-11,Completed,South
ORD_000624,SKU_COI_0029,CUST_1697,2023-12-28,85,31,2023-12-29,Pending,West
ORD_000625,SKU_FAS_0048,CUST_1819,2022-04-07,168,168,2022-04-19,Completed,West
ORD_000626,SKU_SHE_0022,CUST_1077,2022-07-27,140,140,2022-08-04,Completed,South
ORD_000627,SKU_PIP_0011,CUST_1344,2022-03-15,174,174,2022-03-18,Completed,West
ORD_000628,SKU_FIT_0043,CUST_1986,2022-11-28,248,248,2022-12-11,Completed,West
ORD_000629,SKU_COI_0028,CUST_1455,2022-04-25,106,106,2022-04-29,Completed,South
ORD_000630,SKU_FAS_0050,CUST_1526,2023-06-12,196,0,,Cancelled,North
ORD_000631,SKU_FAS_0046,CUST_1278,2022-01-19,115,115,2022-02-02,Completed,East
ORD_000632,SKU_SHE_0016,CUST_1822,2023-02-13,161,161,2023-02-20,Completed,Mumbai
ORD_000633,SKU_PIP_0011,CUST_1039,2022-04-15,117,117,2022-04-28,Completed,South
ORD_000634,SKU_COI_0036,CUST_1307,2022-12-20,241,241,2022-12-28,Completed,Mumbai
ORD_000635,SKU_PIP_0005,CUST_1180,2022-12-08,236,236,2022-12-19,Completed,Mumbai
ORD_000636,SKU_SHE_0022,CUST_1411,2022-05-18,257,257,2022-05-30,Completed,Mumbai
ORD_000637,SKU_PIP_0010,CUST_1646,2022-11-14,210,210,2022-11-22,Completed,East
ORD_000638,SKU_FAS_0047,CUST_1089,2022-07-06,85,85,2022-07-12,Completed,East
ORD_000639,SKU_FAS_0048,CUST_1800,2023-01-11,228,228,2023-01-23,Completed,South
ORD_000640,SKU_COI_0036,CUST_1582,2022-06-20,135,64,2022-06-22,Pending,North
ORD_000641,SKU_COI_0031,CUST_1881,2022-10-24,169,169,2022-11-02,Completed,East
ORD_000642,SKU_COI_0035,CUST_1349,2023-03-19,114,45,2023-03-23,Pending,East
ORD_000643,SKU_PIP_0006,CUST_1641,2022-01-08,274,274,2022-01-15,Completed,North
ORD_000644,SKU_FAS_0047,CUST_1695,2023-12-05,387,387,2023-12-12,Completed,South
ORD_000645,SKU_PIP_0012,CUST_1417,2023-09-24,120,120,2023-10-06,Completed,West
ORD_000646,SKU_PIP_0010,CUST_1799,2022-11-12,154,154,2022-11-19,Completed,South
ORD_000647,SKU_SHE_0026,CUST_1753,2023-04-09,249,249,2023-04-19,Completed,East
ORD_000648,SKU_COI_0032,CUST_1902,2023-07-01,69,0,,Cancelled,Mumbai
ORD_000649,SKU_PIP_0010,CUST_1741,2022-12-12,206,206,2022-12-15,Completed,North
ORD_000650,SKU_COI_0034,CUST_1871,2022-09-23,177,177,2022-10-03,Completed,Mumbai
ORD_000651,SKU_COI_0029,CUST_1252,2022-01-12,194,194,2022-01-24,Completed,East
ORD_000652,SKU_FAS_0047,CUST_1268,2022-10-25,143,13,2022-10-28,Pending,Mumbai
ORD_000653,SKU_COI_0035,CUST_1271,2023-04-19,276,276,2023-05-02,Completed,East
ORD_000654,SKU_PIP_0015,CUST_1086,2023-01-25,229,229,2023-02-01,Completed,North
ORD_000655,SKU_COI_0029,CUST_1256,2022-11-05,140,0,,Cancelled,West
ORD_000656,SKU_SHE_0022,CUST_1786,2022-08-15,110,110,2022-08-25,Completed,South
ORD_000657,SKU_PIP_0013,CUST_1318,2023-07-20,163,163,2023-07-27,Completed,Mumbai
ORD_000658,SKU_COI_0037,CUST_1899,2023-03-23,84,38,2023-03-27,Pending,South
ORD_000659,SKU_COI_0036,CUST_1929,2022-06-03,82,82,2022-06-13,Completed,North
ORD_000660,SKU_PIP_0008,CUST_1128,2023-01-08,105,105,2023-01-21,Completed,South
ORD_000661,SKU_PIP_0012,CUST_1176,2023-09-12,260,260,2023-09-21,Completed,West
ORD_000662,SKU_SHE_0020,CUST_1357,2022-10-31,366,366,2022-11-08,Completed,South
ORD_000663,SKU_PIP_0014,CUST_1715,2022-01-29,251,81,2022-01-31,Pending,East
ORD_000664,SKU_COI_0031,CUST_1785,2023-10-11,371,371,2023-10-21,Completed,North
ORD_000665,SKU_PIP_0007,CUST_1656,2022-01-19,280,111,2022-01-20,Pending,West
ORD_000666,SKU_FIT_0042,CUST_1525,2022-09-12,134,0,,Cancelled,South
ORD_000667,SKU_COI_0036,CUST_1092,2023-08-23,100,100,2023-09-06,Completed,West
ORD_000668,SKU_COI_0035,CUST_1893,2023-11-11,133,133,2023-11-22,Completed,Mumbai
ORD_000669,SKU_FIT_0039,CUST_1618,2022-05-17,239,239,2022-05-24,Completed,West
ORD_000670,SKU_PIP_0001,CUST_1812,2023-10-24,113,0,,Cancelled,East
ORD_000671,SKU_PIP_0003,CUST_1343,2023-11-13,223,223,2023-11-25,Completed,South
ORD_000672,SKU_PIP_0003,CUST_1122,2022-09-09,136,136,2022-09-20,Completed,East
ORD_000673,SKU_FIT_0044,CUST_1575,2022-12-13,131,131,2022-12-23,Completed,North
ORD_000674,SKU_FAS_0046,CUST_1933,2022-04-04,166,10,2022-04-08,Pending,Mumbai
ORD_000675,SKU_COI_0036,CUST_1040,2022-12-25,374,374,2023-01-02,Completed,Mumbai
ORD_000676,SKU_PIP_0014,CUST_1757,2022-06-19,192,192,2022-06-25,Completed,East
ORD_000677,SKU_SHE_0017,CUST_1882,2022-12-07,137,137,2022-12-21,Completed,Mumbai
ORD_000678,SKU_SHE_0027,CUST_1464,2022-09-04,267,0,,Cancelled,West
ORD_000679,SKU_PIP_0008,CUST_1839,2023-02-22,157,157,2023-03-07,Completed,West
ORD_000680,SKU_PIP_0009,CUST_1586,2022-09-13,130,130,2022-09-21,Completed,East
ORD_000681,SKU_FIT_0043,CUST_1553,2022-06-30,175,175,2022-07-11,Completed,North
ORD_000682,SKU_SHE_0024,CUST_1473,2023-02-04,229,229,2023-02-11,Completed,Mumbai
ORD_000683,SKU_PIP_0004,CUST_1482,2022-12-14,279,0,,Cancelled,North
ORD_000684,SKU_PIP_0014,CUST_1583,2023-12-27,296,296,2024-01-02,Completed,North
ORD_000685,SKU_PIP_0015,CUST_1466,2022-04-09,291,291,2022-04-21,Completed,East
ORD_000686,SKU_SHE_0027,CUST_1920,2022-08-15,183,183,2022-08-19,Completed,Mumbai
ORD_000687,SKU_FIT_0045,CUST_1472,2023-01-06,136,17,2023-01-10,Pending,West
ORD_000688,SKU_COI_0028,CUST_1192,2022-03-18,74,74,2022-03-27,Completed,Mumbai
ORD_000689,SKU_PIP_0006,CUST_1280,2022-01-19,132,132,2022-01-30,Completed,East
ORD_000690,SKU_COI_0036,CUST_1870,2023-11-11,351,167,2023-11-12,Pending,South
ORD_000691,SKU_FIT_0045,CUST_1381,2022-01-14,280,119,2022-01-15,Pending,Mumbai
ORD_000692,SKU_SHE_0018,CUST_1983,2023-05-07,87,87,2023-05-13,Completed,East
ORD_000693,SKU_FIT_0044,CUST_1815,2023-07-01,224,106,2023-07-04,Pending,West
ORD_000694,SKU_PIP_0008,CUST_1768,2022-07-27,185,185,2022-08-03,Completed,West
ORD_000695,SKU_PIP_0014,CUST_1764,2023-08-31,63,63,2023-09-13,Completed,South
ORD_000696,SKU_COI_0036,CUST_1680,2022-02-20,172,0,,Cancelled,North
ORD_000697,SKU_PIP_0013,CUST_1767,2022-01-11,230,230,2022-01-21,Completed,West
ORD_000698,SKU_PIP_0014,CUST_1387,2022-08-16,150,150,2022-08-22,Completed,East
ORD_000699,SKU_FIT_0045,CUST_1617,2022-12-14,96,96,2022-12-28,Completed,North
ORD_000700,SKU_FAS_0046,CUST_1142,2023-10-10,292,292,2023-10-14,Completed,North
ORD_000701,SKU_PIP_0013,CUST_1457,2023-03-16,105,105,2023-03-28,Completed,East
ORD_000702,SKU_SHE_0024,CUST_1609,2023-10-18,74,74,2023-10-28,Completed,North
ORD_000703,SKU_PIP_0014,CUST_1699,2022-09-02,271,271,2022-09-15,Completed,East
ORD_000704,SKU_PIP_0006,CUST_1311,2022-10-27,87,87,2022-11-02,Completed,Mumbai
ORD_000705,SKU_FIT_0040,CUST_1955,2023-08-28,230,230,2023-08-31,Completed,South
ORD_000706,SKU_FIT_0039,CUST_1303,2023-06-25,223,223,2023-07-09,Completed,North
ORD_000707,SKU_SHE_0024,CUST_1015,2023-11-07,80,80,2023-11-14,Completed,Mumbai
ORD_000708,SKU_FIT_0041,CUST_1462,2023-01-13,125,125,2023-01-23,Completed,North
ORD_000709,SKU_FIT_0040,CUST_1757,2023-04-22,175,175,2023-04-28,Completed,South
ORD_000710,SKU_PIP_0004,CUST_1344,2022-10-04,273,273,2022-10-15,Completed,East
ORD_000711,SKU_FIT_0044,CUST_1307,2022-04-05,231,0,,Cancelled,Mumbai
ORD_000712,SKU_PIP_0006,CUST_1925,2023-01-08,109,0,,Cancelled,Mumbai
ORD_000713,SKU_SHE_0017,CUST_1341,2023-07-17,192,192,2023-07-26,Completed,South
ORD_000714,SKU_FIT_0039,CUST_1069,2022-08-24,82,82,2022-08-31,Completed,South
ORD_000715,SKU_COI_0035,CUST_1916,2023-06-11,100,100,2023-06-25,Completed,Mumbai
ORD_000716,SKU_COI_0037,CUST_1646,2023-03-31,75,75,2023-04-10,Completed,North
ORD_000717,SKU_SHE_0027,CUST_1516,2023-06-17,176,176,2023-06-28,Completed,Mumbai
ORD_000718,SKU_COI_0035,CUST_1945,2023-07-09,185,185,2023-07-21,Completed,West
ORD_000719,SKU_PIP_0014,CUST_1324,2023-07-19,113,113,2023-07-22,Completed,West
ORD_000720,SKU_PIP_0005,CUST_1486,2022-03-29,284,284,2022-04-04,Completed,West
ORD_000721,SKU_PIP_0015,CUST_1942,2023-01-31,270,270,2023-02-13,Completed,North
ORD_000722,SKU_SHE_0021,CUST_1271,2022-01-14,91,91,2022-01-26,Completed,West
ORD_000723,SKU_SHE_0027,CUST_1471,2022-04-03,154,154,2022-04-14,Completed,Mumbai
ORD_000724,SKU_FIT_0043,CUST_1043,2023-10-09,215,0,,Cancelled,Mumbai
ORD_000725,SKU_PIP_0005,CUST_1971,2022-09-12,282,0,,Cancelled,North
ORD_000726,SKU_COI_0030,CUST_1900,2022-09-12,51,51,2022-09-16,Completed,Mumbai
ORD_000727,SKU_PIP_0006,CUST_1299,2023-09-12,246,246,2023-09-26,Completed,South
ORD_000728,SKU_SHE_0018,CUST_1595,2022-05-11,122,122,2022-05-14,Completed,North
ORD_000729,SKU_SHE_0023,CUST_1802,2022-04-15,154,154,2022-04-20,Completed,East
ORD_000730,SKU_COI_0028,CUST_1259,2023-09-06,53,53,2023-09-19,Completed,Mumbai
ORD_000731,SKU_PIP_0011,CUST_1165,2022-07-12,49,49,2022-07-15,Completed,East
ORD_000732,SKU_FAS_0047,CUST_1794,2023-11-24,270,111,2023-11-28,Pending,West
ORD_000733,SKU_SHE_0025,CUST_1320,2023-02-03,172,172,2023-02-14,Completed,South
ORD_000734,SKU_SHE_0020,CUST_1617,2022-02-16,136,0,,Cancelled,North
ORD_000735,SKU_PIP_0002,CUST_1314,2022-05-27,239,239,2022-06-04,Completed,West
ORD_000736,SKU_SHE_0026,CUST_1027,2022-01-29,64,64,2022-02-01,Completed,West
ORD_000737,SKU_FIT_0043,CUST_1220,2023-03-17,52,0,2023-03-19,Pending,Mumbai
ORD_000738,SKU_SHE_0025,CUST_1828,2022-08-19,211,211,2022-08-31,Completed,Mumbai
ORD_000739,SKU_COI_0033,CUST_1678,2022-05-08,286,286,2022-05-21,Completed,East
ORD_000740,SKU_SHE_0019,CUST_1394,2023-04-20,192,34,2023-04-24,Pending,Mumbai
ORD_000741,SKU_COI_0032,CUST_1101,2022-05-12,62,62,2022-05-15,Completed,South
ORD_000742,SKU_COI_0037,CUST_1816,2023-12-12,65,65,2023-12-26,Completed,Mumbai
ORD_000743,SKU_PIP_0011,CUST_1044,2023-11-29,204,204,2023-12-03,Completed,South
ORD_000744,SKU_SHE_0025,CUST_1253,2022-05-12,241,47,2022-05-14,Pending,Mumbai
ORD_000745,SKU_PIP_0002,CUST_1035,2023-04-12,183,183,2023-04-19,Completed,West
ORD_000746,SKU_PIP_0008,CUST_1974,2023-06-06,207,207,2023-06-15,Completed,South
ORD_000747,SKU_FAS_0046,CUST_1467,2023-06-24,63,63,2023-06-30,Completed,South
ORD_000748,SKU_PIP_0003,CUST_1135,2022-02-24,257,257,2022-03-01,Completed,West
ORD_000749,SKU_SHE_0017,CUST_1668,2022-05-27,278,0,,Cancelled,Mumbai
ORD_000750,SKU_PIP_0013,CUST_1555,2023-02-05,231,231,2023-02-10,Completed,West
ORD_000751,SKU_SHE_0022,CUST_1982,2022-04-11,88,88,2022-04-25,Completed,South
ORD_000752,SKU_FIT_0040,CUST_1353,2022-05-10,205,205,2022-05-13,Completed,South
ORD_000753,SKU_PIP_0003,CUST_1455,2023-12-13,339,339,2023-12-16,Completed,West
ORD_000754,SKU_FIT_0041,CUST_1778,2023-08-21,128,128,2023-08-29,Completed,West
ORD_000755,SKU_COI_0037,CUST_1973,2023-08-26,204,204,2023-09-08,Completed,Mumbai
ORD_000756,SKU_COI_0034,CUST_1364,2022-03-01,275,275,2022-03-08,Completed,East
ORD_000757,SKU_FIT_0042,CUST_1915,2023-06-29,79,79,2023-07-06,Completed,North
ORD_000758,SKU_COI_0036,CUST_1849,2022-10-13,328,102,2022-10-14,Pending,West
ORD_000759,SKU_SHE_0024,CUST_1664,2022-07-07,159,159,2022-07-17,Completed,South
ORD_000760,SKU_PIP_0008,CUST_1448,2022-03-12,127,127,2022-03-23,Completed,East
ORD_000761,SKU_PIP_0008,CUST_1013,2023-12-26,208,208,2024-01-04,Completed,South
ORD_000762,SKU_PIP_0012,CUST_1832,2023-05-20,101,24,2023-05-21,Pending,East
ORD_000763,SKU_PIP_0002,CUST_1172,2023-05-17,258,258,2023-05-30,Completed,South
ORD_000764,SKU_PIP_0003,CUST_1420,2023-09-06,169,169,2023-09-14,Completed,Mumbai
ORD_000765,SKU_COI_0030,CUST_1348,2022-06-08,144,144,2022-06-21,Completed,Mumbai
ORD_000766,SKU_PIP_0001,CUST_1677,2023-08-12,113,113,2023-08-15,Completed,Mumbai
ORD_000767,SKU_COI_0031,CUST_1487,2023-07-25,87,87,2023-08-03,Completed,Mumbai
ORD_000768,SKU_SHE_0016,CUST_1858,2022-09-18,122,122,2022-10-02,Completed,South
ORD_000769,SKU_COI_0030,CUST_1052,2022-04-26,75,75,2022-05-01,Completed,Mumbai
ORD_000770,SKU_FIT_0042,CUST_1419,2022-11-05,358,358,2022-11-12,Completed,North
ORD_000771,SKU_COI_0032,CUST_1870,2022-08-12,194,194,2022-08-22,Completed,South
ORD_000772,SKU_SHE_0020,CUST_1623,2022-07-29,42,42,2022-08-03,Completed,West
ORD_000773,SKU_FIT_0040,CUST_1774,2022-12-30,197,0,,Cancelled,West
ORD_000774,SKU_PIP_0014,CUST_1133,2022-02-03,173,173,2022-02-12,Completed,East
ORD_000775,SKU_PIP_0014,CUST_1078,2022-06-21,69,69,2022-06-27,Completed,Mumbai
ORD_000776,SKU_FAS_0047,CUST_1420,2022-01-07,209,209,2022-01-16,Completed,Mumbai
ORD_000777,SKU_SHE_0024,CUST_1726,2022-03-11,161,0,,Cancelled,South
ORD_000778,SKU_SHE_0016,CUST_1203,2022-10-15,122,122,2022-10-25,Completed,North
ORD_000779,SKU_PIP_0012,CUST_1696,2022-01-27,215,215,2022-02-05,Completed,Mumbai
ORD_000780,SKU_FIT_0040,CUST_1926,2022-09-02,98,98,2022-09-06,Completed,West
ORD_000781,SKU_COI_0030,CUST_1125,2023-06-21,206,206,2023-06-25,Completed,Mumbai
ORD_000782,SKU_SHE_0019,CUST_1682,2022-09-11,170,170,2022-09-23,Completed,Mumbai
ORD_000783,SKU_FAS_0049,CUST_1342,2022-01-13,232,232,2022-01-23,Completed,West
ORD_000784,SKU_PIP_0014,CUST_1046,2023-01-27,168,168,2023-02-10,Completed,North
ORD_000785,SKU_COI_0030,CUST_1967,2022-02-15,167,60,2022-02-16,Pending,East
ORD_000786,SKU_COI_0028,CUST_1381,2022-06-06,115,115,2022-06-20,Completed,South
ORD_000787,SKU_PIP_0005,CUST_1487,2022-09-07,108,108,2022-09-19,Completed,Mumbai
ORD_000788,SKU_PIP_0014,CUST_1113,2023-09-13,155,0,,Cancelled,North
ORD_000789,SKU_PIP_0015,CUST_1016,2023-07-10,199,199,2023-07-18,Completed,West
ORD_000790,SKU_SHE_0025,CUST_1399,2022-09-17,105,105,2022-09-21,Completed,East
ORD_000791,SKU_COI_0031,CUST_1568,2023-06-28,242,242,2023-07-09,Completed,North
ORD_000792,SKU_PIP_0008,CUST_1846,2023-11-04,176,176,2023-11-18,Completed,North
ORD_000793,SKU_PIP_0002,CUST_1653,2023-09-30,181,54,2023-10-03,Pending,Mumbai
ORD_000794,SKU_PIP_0008,CUST_1140,2023-07-07,237,0,,Cancelled,South
ORD_000795,SKU_FIT_0040,CUST_1440,2022-09-27,183,183,2022-10-07,Completed,North
ORD_000796,SKU_SHE_0025,CUST_1573,2023-04-25,61,61,2023-04-30,Completed,West
ORD_000797,SKU_FAS_0048,CUST_1601,2022-04-05,108,108,2022-04-16,Completed,East
ORD_000798,SKU_FAS_0049,CUST_1762,2022-03-28,191,191,2022-04-06,Completed,West
ORD_000799,SKU_FIT_0043,CUST_1908,2022-05-21,149,149,2022-05-29,Completed,South
ORD_000800,SKU_FIT_0040,CUST_1776,2023-12-02,74,74,2023-12-06,Completed,West
