Vendor_ID,Vendor_Name,SKU_ID,Order_Date,Promised_Delivery_Date,Actual_Delivery_Date,Quantity_Ordered,Quantity_Received,Unit_Price,Defect_Quantity,Payment_Terms
VEN_0001,Reliable Metals Ltd,SKU_COI_0035,2023-03-06,2023-03-18,2023-03-16,538,538,2643.52,4,Net 15
VEN_0002,Quality Issues Pvt,SKU_SHE_0020,2023-04-09,2023-04-29,2023-05-07,965,965,2400.24,54,Immediate
VEN_0003,Mumbai Metal Works,SKU_FIT_0042,2023-08-21,2023-09-01,2023-08-31,954,954,844.57,22,Net 60
VEN_0004,Defective Materials Co,SKU_FIT_0043,2022-09-07,2022-09-18,2022-09-16,212,212,529.91,15,Net 60
VEN_0005,Late Delivery Inc,SKU_FAS_0049,2023-08-03,2023-08-22,2023-08-28,960,960,198.13,24,Immediate
VEN_0006,Delayed Suppliers Pvt,SKU_PIP_0013,2023-10-09,2023-10-23,2023-10-23,300,300,1647.06,9,Net 60
VEN_0007,Premium Steel Co,SKU_FIT_0044,2023-08-31,2023-09-08,2023-09-08,996,996,954.12,6,Immediate
VEN_0008,Late Delivery Inc,SKU_COI_0028,2022-11-15,2022-12-03,2022-12-16,884,884,2460.53,19,Net 15
VEN_0009,Mumbai Metal Works,SKU_PIP_0015,2023-04-05,2023-04-24,2023-04-24,645,645,1223.81,10,Net 30
VEN_0010,Reliable Metals Ltd,SKU_PIP_0009,2022-11-11,2022-11-22,2022-11-21,987,987,1620.87,14,Net 30
VEN_0011,Steel Suppliers India,SKU_PIP_0013,2023-03-30,2023-04-16,2023-04-15,209,209,1661.96,1,Net 60
VEN_0012,Premium Steel Co,SKU_COI_0028,2022-03-28,2022-04-07,2022-04-06,830,830,2461.25,3,Net 15
VEN_0013,Late Delivery Inc,SKU_FAS_0050,2022-01-26,2022-02-11,2022-02-09,416,416,292.3,11,Net 30
VEN_0014,Delayed Suppliers Pvt,SKU_PIP_0013,2023-01-31,2023-02-16,2023-03-02,363,363,1578.9,7,Immediate
VEN_0015,Defective Materials Co,SKU_PIP_0003,2022-01-26,2022-02-06,2022-02-05,133,133,1107.7,14,Net 60
VEN_0016,Mumbai Metal Works,SKU_PIP_0014,2022-06-17,2022-06-30,2022-06-28,963,963,1796.47,6,Net 60
VEN_0017,Late Delivery Inc,SKU_PIP_0015,2022-02-22,2022-03-08,2022-03-20,691,691,1207.33,20,Net 45
VEN_0018,Delayed Suppliers Pvt,SKU_PIP_0013,2023-09-12,2023-09-29,2023-09-28,308,308,1578.27,11,Net 60
VEN_0019,Slow Logistics Ltd,SKU_PIP_0007,2022-10-17,2022-11-04,2022-11-05,476,476,1096.39,13,Net 15
VEN_0020,Mumbai Metal Works,SKU_COI_0035,2023-12-06,2023-12-22,2023-12-20,217,217,2345.93,6,Net 15
VEN_0021,Slow Logistics Ltd,SKU_SHE_0018,2022-10-04,2022-10-16,2022-10-16,568,568,2091.81,19,Net 60
VEN_0022,Late Delivery Inc,SKU_SHE_0022,2023-03-28,2023-04-05,2023-04-05,198,198,1543.41,1,Net 45
VEN_0023,Slow Logistics Ltd,SKU_SHE_0017,2022-12-31,2023-01-07,2023-01-05,720,720,2099.44,7,Immediate
VEN_0024,Late Delivery Inc,SKU_FAS_0047,2023-09-16,2023-09-23,2023-10-01,161,161,162.55,3,Immediate
VEN_0025,Mumbai Metal Works,SKU_COI_0030,2023-04-23,2023-04-30,2023-05-01,265,265,2690.9,7,Net 60
VEN_0026,Quality Issues Pvt,SKU_SHE_0020,2023-12-22,2023-12-29,2023-12-29,529,529,2617.2,14,Net 30
VEN_0027,Quality Issues Pvt,SKU_FAS_0050,2022-10-31,2022-11-19,2022-11-18,861,861,253.76,51,Net 15
VEN_0028,Slow Logistics Ltd,SKU_FIT_0038,2023-08-30,2023-09-19,2023-09-17,869,869,866.47,18,Immediate
VEN_0029,Mumbai Metal Works,SKU_FIT_0042,2022-12-19,2022-12-29,2022-12-29,736,736,918.89,20,Net 30
VEN_0030,Quick Steel Industries,SKU_COI_0034,2022-07-20,2022-08-01,2022-08-01,305,305,2402.41,3,Net 15
VEN_0031,Quality Issues Pvt,SKU_SHE_0017,2023-01-14,2023-01-31,2023-01-29,920,920,1992.17,24,Immediate
VEN_0032,Steel Suppliers India,SKU_COI_0037,2022-01-20,2022-01-29,2022-01-29,406,406,2797.12,7,Net 60
VEN_0033,Steel Suppliers India,SKU_PIP_0009,2023-02-19,2023-03-06,2023-03-04,133,133,1941.89,1,Net 15
VEN_0034,Quick Steel Industries,SKU_FIT_0041,2022-03-30,2022-04-09,2022-04-08,383,383,740.73,5,Immediate
VEN_0035,Reliable Metals Ltd,SKU_FAS_0048,2023-11-17,2023-11-24,2023-11-24,903,903,268.72,21,Net 60
VEN_0036,Steel Suppliers India,SKU_FAS_0046,2023-01-05,2023-01-14,2023-01-14,838,838,202.29,9,Net 30
VEN_0037,Steel Suppliers India,SKU_PIP_0013,2022-12-21,2022-12-30,2022-12-29,635,635,1521.88,5,Net 15
VEN_0038,Quality Issues Pvt,SKU_COI_0035,2022-07-15,2022-07-22,2022-07-21,758,758,2492.34,38,Immediate
VEN_0039,Defective Materials Co,SKU_SHE_0025,2022-12-28,2023-01-06,2023-01-06,275,275,1938.89,1,Immediate
VEN_0040,Quick Steel Industries,SKU_FIT_0044,2022-01-13,2022-01-25,2022-01-24,511,511,997.42,7,Immediate
VEN_0041,Quick Steel Industries,SKU_SHE_0021,2023-06-10,2023-06-25,2023-06-25,578,578,1475.26,15,Net 60
VEN_0042,Quality Issues Pvt,SKU_SHE_0020,2023-07-04,2023-07-13,2023-07-21,585,585,2615.04,14,Net 60
VEN_0043,Premium Steel Co,SKU_PIP_0010,2023-04-08,2023-04-22,2023-04-22,622,622,1604.45,3,Net 45
VEN_0044,Mumbai Metal Works,SKU_SHE_0026,2023-08-07,2023-08-18,2023-08-18,945,945,1978.96,20,Immediate
VEN_0045,Slow Logistics Ltd,SKU_SHE_0017,2023-09-15,2023-09-25,2023-09-23,583,583,2106.36,21,Net 30
VEN_0046,Quality Issues Pvt,SKU_FIT_0041,2022-02-05,2022-02-24,2022-02-23,354,354,788.89,7,Net 45
VEN_0047,Steel Suppliers India,SKU_SHE_0021,2023-04-09,2023-04-21,2023-05-04,425,425,1702.7,6,Immediate
VEN_0048,Steel Suppliers India,SKU_COI_0036,2023-02-21,2023-03-04,2023-03-02,801,801,2695.57,2,Immediate
VEN_0049,Delayed Suppliers Pvt,SKU_SHE_0017,2022-09-20,2022-10-07,2022-10-05,393,393,2039.19,14,Net 45
VEN_0050,Reliable Metals Ltd,SKU_SHE_0024,2023-11-24,2023-12-11,2023-12-09,107,107,2350.38,2,Net 45
VEN_0051,Delayed Suppliers Pvt,SKU_SHE_0016,2022-01-05,2022-01-13,2022-01-12,692,692,2756.22,33,Net 45
VEN_0052,Delayed Suppliers Pvt,SKU_FIT_0040,2022-07-26,2022-08-02,2022-07-31,739,739,931.89,14,Immediate
VEN_0053,Quick Steel Industries,SKU_PIP_0006,2022-03-11,2022-03-31,2022-03-29,542,542,2020.51,13,Net 45
VEN_0054,Reliable Metals Ltd,SKU_COI_0032,2022-05-09,2022-05-24,2022-05-24,467,467,2067.26,10,Net 30
VEN_0055,Quality Issues Pvt,SKU_COI_0028,2023-07-19,2023-08-04,2023-08-04,975,975,2544.22,17,Net 45
VEN_0056,Late Delivery Inc,SKU_SHE_0019,2022-01-25,2022-02-06,2022-02-14,863,863,2175.16,3,Net 45
VEN_0057,Quick Steel Industries,SKU_COI_0032,2022-04-16,2022-05-04,2022-05-03,978,978,2307.53,2,Net 45
VEN_0058,Premium Steel Co,SKU_FAS_0046,2022-07-29,2022-08-17,2022-08-15,214,214,189.92,0,Net 30
VEN_0059,Late Delivery Inc,SKU_SHE_0026,2022-03-12,2022-03-22,2022-03-25,592,592,2066.11,16,Net 15
VEN_0060,Quick Steel Industries,SKU_COI_0031,2023-08-22,2023-09-06,2023-09-05,458,458,1816.33,0,Net 30
VEN_0061,Reliable Metals Ltd,SKU_SHE_0024,2023-10-25,2023-11-03,2023-11-03,870,870,2159.45,19,Net 45
VEN_0062,Steel Suppliers India,SKU_SHE_0022,2022-12-16,2023-01-05,2023-01-03,954,954,1533.21,9,Net 30
VEN_0063,Reliable Metals Ltd,SKU_FAS_0049,2023-07-15,2023-07-31,2023-07-29,368,368,186.76,8,Net 15
VEN_0064,Late Delivery Inc,SKU_PIP_0005,2022-11-08,2022-11-21,2022-11-22,368,368,1459.67,20,Net 60
VEN_0065,Quick Steel Industries,SKU_COI_0028,2022-10-03,2022-10-11,2022-10-11,526,526,2328.25,11,Net 30
VEN_0066,Delayed Suppliers Pvt,SKU_COI_0037,2022-10-31,2022-11-18,2022-11-17,105,105,2939.16,0,Immediate
VEN_0067,Defective Materials Co,SKU_COI_0032,2022-06-03,2022-06-11,2022-06-09,903,903,2091.14,96,Net 60
VEN_0068,Slow Logistics Ltd,SKU_PIP_0010,2023-02-13,2023-02-24,2023-02-22,642,642,1517.57,1,Immediate
VEN_0069,Steel Suppliers India,SKU_PIP_0004,2022-11-20,2022-12-06,2022-12-04,129,129,1143.52,2,Net 15
VEN_0070,Late Delivery Inc,SKU_SHE_0016,2023-06-18,2023-06-29,2023-07-13,602,602,2627.42,11,Net 15
VEN_0071,Late Delivery Inc,SKU_PIP_0001,2022-09-22,2022-09-30,2022-09-30,251,251,993.52,2,Net 60
VEN_0072,Delayed Suppliers Pvt,SKU_SHE_0023,2023-01-02,2023-01-09,2023-01-07,395,395,1381.27,12,Net 15
VEN_0073,Delayed Suppliers Pvt,SKU_COI_0028,2023-03-29,2023-04-05,2023-04-04,718,718,2291.36,34,Net 15
VEN_0074,Mumbai Metal Works,SKU_FAS_0048,2022-01-12,2022-01-19,2022-01-18,618,618,245.13,0,Net 60
VEN_0075,Quick Steel Industries,SKU_FIT_0044,2023-11-14,2023-12-03,2023-12-02,994,994,869.19,24,Immediate
VEN_0076,Quality Issues Pvt,SKU_COI_0029,2022-10-31,2022-11-08,2022-11-07,727,727,3137.78,23,Net 60
VEN_0077,Delayed Suppliers Pvt,SKU_SHE_0026,2023-08-12,2023-08-30,2023-09-01,456,456,2139.88,8,Net 45
VEN_0078,Reliable Metals Ltd,SKU_FIT_0045,2023-10-31,2023-11-09,2023-11-07,470,470,1072.4,11,Net 30
VEN_0079,Late Delivery Inc,SKU_FAS_0048,2023-08-02,2023-08-21,2023-08-21,474,474,251.61,22,Immediate
VEN_0080,Quick Steel Industries,SKU_SHE_0023,2023-01-10,2023-01-22,2023-01-22,146,146,1393.33,3,Net 45
VEN_0081,Mumbai Metal Works,SKU_PIP_0005,2022-04-03,2022-04-10,2022-04-09,717,717,1407.01,14,Immediate
VEN_0082,Slow Logistics Ltd,SKU_FAS_0049,2022-06-08,2022-06-26,2022-06-25,702,702,200.74,9,Net 45
VEN_0083,Reliable Metals Ltd,SKU_FIT_0040,2022-07-12,2022-07-29,2022-07-27,622,622,930.93,3,Immediate
VEN_0084,Delayed Suppliers Pvt,SKU_SHE_0022,2022-12-28,2023-01-05,2023-01-04,109,109,1795.1,0,Net 60
VEN_0085,Defective Materials Co,SKU_FIT_0043,2022-08-01,2022-08-20,2022-08-26,671,671,496.54,14,Net 15
VEN_0086,Quality Issues Pvt,SKU_PIP_0002,2023-11-11,2023-11-23,2023-11-21,969,969,1009.23,25,Net 45
VEN_0087,Quick Steel Industries,SKU_PIP_0010,2023-01-11,2023-01-28,2023-01-26,295,295,1373.26,6,Net 45
VEN_0088,Late Delivery Inc,SKU_FIT_0041,2023-01-24,2023-02-01,2023-01-31,778,778,818.43,34,Net 15
VEN_0089,Late Delivery Inc,SKU_FIT_0043,2022-01-27,2022-02-03,2022-02-08,161,161,472.12,2,Immediate
VEN_0090,Quick Steel Industries,SKU_COI_0030,2023-03-07,2023-03-16,2023-03-14,998,998,2902.84,16,Net 30
VEN_0091,Reliable Metals Ltd,SKU_FIT_0045,2022-03-05,2022-03-16,2022-03-15,942,942,990.45,34,Net 15
VEN_0092,Premium Steel Co,SKU_FIT_0038,2023-12-18,2024-01-03,2024-01-02,379,379,887.85,0,Net 45
VEN_0093,Late Delivery Inc,SKU_PIP_0006,2022-07-13,2022-07-24,2022-07-24,468,468,1850.1,27,Net 15
VEN_0094,Late Delivery Inc,SKU_COI_0033,2023-01-27,2023-02-14,2023-02-13,216,216,2155.01,11,Net 15
VEN_0095,Late Delivery Inc,SKU_PIP_0003,2023-06-02,2023-06-13,2023-06-13,998,998,1107.17,2,Net 45
VEN_0096,Steel Suppliers India,SKU_SHE_0022,2023-08-28,2023-09-06,2023-09-04,694,694,1534.04,5,Net 15
VEN_0097,Reliable Metals Ltd,SKU_PIP_0002,2023-11-18,2023-12-06,2023-12-06,503,503,1036.72,6,Net 30
VEN_0098,Reliable Metals Ltd,SKU_PIP_0014,2022-10-03,2022-10-21,2022-10-20,323,323,1858.51,3,Net 45
VEN_0099,Slow Logistics Ltd,SKU_FAS_0049,2023-07-01,2023-07-21,2023-07-23,433,433,198.04,7,Immediate
VEN_0100,Reliable Metals Ltd,SKU_FIT_0043,2023-05-10,2023-05-17,2023-05-17,241,241,455.67,1,Net 30
VEN_0101,Quality Issues Pvt,SKU_SHE_0024,2023-07-27,2023-08-16,2023-08-14,841,841,2090.13,35,Net 45
VEN_0102,Quick Steel Industries,SKU_PIP_0006,2022-11-03,2022-11-13,2022-11-11,494,494,1778.94,11,Net 45
VEN_0103,Mumbai Metal Works,SKU_FAS_0048,2023-09-14,2023-09-25,2023-10-03,924,924,250.07,15,Immediate
VEN_0104,Premium Steel Co,SKU_FIT_0044,2023-03-24,2023-04-13,2023-04-13,629,629,922.85,4,Net 30
VEN_0105,Premium Steel Co,SKU_PIP_0008,2023-07-04,2023-07-14,2023-07-14,316,316,1645.84,2,Net 15
VEN_0106,Defective Materials Co,SKU_PIP_0007,2022-11-28,2022-12-09,2022-12-08,326,326,1060.72,30,Immediate
VEN_0107,Premium Steel Co,SKU_PIP_0010,2022-09-14,2022-09-21,2022-09-19,300,300,1536.38,0,Net 30
VEN_0108,Mumbai Metal Works,SKU_PIP_0011,2022-09-24,2022-10-08,2022-10-07,792,792,1122.37,23,Net 45
VEN_0109,Steel Suppliers India,SKU_FIT_0043,2022-10-17,2022-11-01,2022-11-01,426,426,509.8,3,Immediate
VEN_0110,Quick Steel Industries,SKU_COI_0036,2022-07-28,2022-08-08,2022-08-07,208,208,2606.59,0,Net 30
VEN_0111,Reliable Metals Ltd,SKU_SHE_0027,2022-09-30,2022-10-15,2022-10-13,579,579,1557.05,0,Immediate
VEN_0112,Delayed Suppliers Pvt,SKU_PIP_0001,2022-09-18,2022-09-27,2022-10-11,300,300,1020.64,3,Net 30
VEN_0113,Reliable Metals Ltd,SKU_SHE_0025,2022-07-21,2022-07-30,2022-07-29,240,240,1842.29,9,Immediate
VEN_0114,Slow Logistics Ltd,SKU_PIP_0014,2023-12-23,2024-01-06,2024-01-05,264,264,1939.55,7,Net 60
VEN_0115,Quality Issues Pvt,SKU_PIP_0004,2022-08-16,2022-09-04,2022-09-03,345,345,1055.73,6,Immediate
VEN_0116,Premium Steel Co,SKU_SHE_0018,2023-03-18,2023-04-05,2023-04-03,851,851,2074.44,0,Immediate
VEN_0117,Steel Suppliers India,SKU_PIP_0005,2023-09-10,2023-09-22,2023-09-21,368,368,1312.45,6,Net 60
VEN_0118,Quality Issues Pvt,SKU_FAS_0046,2023-09-10,2023-09-21,2023-09-19,472,472,182.05,40,Net 60
VEN_0119,Defective Materials Co,SKU_FAS_0050,2022-03-12,2022-03-27,2022-04-01,751,751,300.33,51,Net 15
VEN_0120,Mumbai Metal Works,SKU_PIP_0008,2023-10-01,2023-10-20,2023-10-18,968,968,1614.0,10,Immediate
VEN_0121,Quality Issues Pvt,SKU_FIT_0039,2023-05-04,2023-05-15,2023-05-15,432,432,754.44,12,Net 45
VEN_0122,Mumbai Metal Works,SKU_SHE_0019,2022-10-15,2022-10-27,2022-10-25,314,314,1998.6,0,Net 30
VEN_0123,Slow Logistics Ltd,SKU_PIP_0002,2022-06-07,2022-06-14,2022-06-20,738,738,976.47,28,Net 60
VEN_0124,Quality Issues Pvt,SKU_COI_0031,2022-03-04,2022-03-17,2022-03-16,885,885,2114.01,70,Immediate
VEN_0125,Quality Issues Pvt,SKU_COI_0029,2023-06-24,2023-07-09,2023-07-07,274,274,3015.51,12,Net 45
VEN_0126,Defective Materials Co,SKU_COI_0032,2023-07-23,2023-08-04,2023-08-03,695,695,1975.42,30,Net 60
VEN_0127,Defective Materials Co,SKU_COI_0034,2022-03-19,2022-03-31,2022-04-12,114,114,2102.25,5,Net 15
VEN_0128,Steel Suppliers India,SKU_FIT_0040,2022-09-10,2022-09-25,2022-09-25,627,627,1087.8,5,Net 30
VEN_0129,Reliable Metals Ltd,SKU_FIT_0044,2022-06-10,2022-06-17,2022-06-19,250,250,900.03,9,Net 45
VEN_0130,Defective Materials Co,SKU_FIT_0045,2022-03-21,2022-04-03,2022-04-17,436,436,949.84,10,Immediate
VEN_0131,Slow Logistics Ltd,SKU_SHE_0020,2022-12-01,2022-12-15,2022-12-14,133,133,2450.31,2,Net 45
VEN_0132,Premium Steel Co,SKU_FAS_0047,2023-08-27,2023-09-10,2023-09-09,301,301,163.27,2,Immediate
VEN_0133,Premium Steel Co,SKU_FIT_0045,2022-12-04,2022-12-11,2022-12-10,165,165,1008.47,0,Net 15
VEN_0134,Mumbai Metal Works,SKU_FIT_0039,2022-11-13,2022-12-03,2022-12-03,813,813,781.44,23,Net 30
VEN_0135,Quick Steel Industries,SKU_PIP_0007,2022-12-20,2022-12-29,2022-12-28,898,898,966.47,16,Immediate
VEN_0136,Late Delivery Inc,SKU_COI_0028,2023-11-25,2023-12-08,2023-12-14,787,787,2419.9,10,Net 30
VEN_0137,Premium Steel Co,SKU_COI_0030,2023-10-19,2023-11-04,2023-11-03,991,991,2543.99,8,Net 30
VEN_0138,Mumbai Metal Works,SKU_COI_0037,2022-07-08,2022-07-22,2022-07-21,136,136,3257.81,3,Net 60
VEN_0139,Defective Materials Co,SKU_FIT_0038,2022-03-24,2022-04-11,2022-04-09,686,686,875.82,57,Net 60
VEN_0140,Mumbai Metal Works,SKU_PIP_0011,2023-01-30,2023-02-13,2023-02-12,344,344,1141.5,1,Net 45
VEN_0141,Slow Logistics Ltd,SKU_FIT_0039,2022-01-08,2022-01-26,2022-01-25,862,862,775.03,5,Immediate
VEN_0142,Delayed Suppliers Pvt,SKU_COI_0032,2023-09-13,2023-09-20,2023-09-23,206,206,2304.04,3,Net 15
VEN_0143,Slow Logistics Ltd,SKU_FIT_0038,2022-07-08,2022-07-15,2022-07-15,785,785,904.37,17,Net 60
VEN_0144,Slow Logistics Ltd,SKU_COI_0035,2022-02-08,2022-02-26,2022-02-24,947,947,2581.05,33,Net 15
VEN_0145,Reliable Metals Ltd,SKU_SHE_0024,2022-06-13,2022-06-21,2022-06-20,851,851,2435.56,27,Net 15
VEN_0146,Defective Materials Co,SKU_SHE_0018,2022-07-02,2022-07-13,2022-07-13,818,818,2071.86,44,Immediate
VEN_0147,Reliable Metals Ltd,SKU_PIP_0002,2023-05-18,2023-05-27,2023-06-06,409,409,1001.26,1,Net 60
VEN_0148,Late Delivery Inc,SKU_FIT_0039,2023-11-05,2023-11-22,2023-11-22,324,324,647.43,17,Immediate
VEN_0149,Slow Logistics Ltd,SKU_PIP_0015,2022-04-05,2022-04-25,2022-04-24,180,180,1278.57,3,Net 30
VEN_0150,Slow Logistics Ltd,SKU_FIT_0039,2022-10-15,2022-11-02,2022-11-02,977,977,704.01,37,Net 30
VEN_0151,Steel Suppliers India,SKU_FAS_0049,2023-04-29,2023-05-06,2023-05-06,197,197,192.39,1,Immediate
VEN_0152,Delayed Suppliers Pvt,SKU_FAS_0047,2022-01-23,2022-02-07,2022-02-09,900,900,159.77,20,Net 60
VEN_0153,Defective Materials Co,SKU_PIP_0014,2022-11-18,2022-12-01,2022-11-30,542,542,1999.78,6,Net 60
VEN_0154,Mumbai Metal Works,SKU_COI_0033,2023-04-09,2023-04-22,2023-04-22,482,482,2054.24,12,Net 45
VEN_0155,Slow Logistics Ltd,SKU_FIT_0038,2023-05-04,2023-05-22,2023-05-21,283,283,852.18,7,Immediate
VEN_0156,Reliable Metals Ltd,SKU_COI_0030,2022-03-25,2022-04-14,2022-04-14,944,944,2969.44,17,Immediate
VEN_0157,Reliable Metals Ltd,SKU_PIP_0014,2023-11-21,2023-12-08,2023-12-12,807,807,1780.23,15,Net 15
VEN_0158,Delayed Suppliers Pvt,SKU_FAS_0048,2022-02-21,2022-03-07,2022-03-12,863,863,266.45,15,Net 30
VEN_0159,Defective Materials Co,SKU_COI_0035,2023-04-11,2023-04-29,2023-04-28,478,478,2568.59,1,Net 30
VEN_0160,Mumbai Metal Works,SKU_PIP_0008,2022-08-02,2022-08-17,2022-08-17,556,556,1570.88,7,Net 60
VEN_0161,Quick Steel Industries,SKU_PIP_0015,2023-11-21,2023-12-04,2023-12-03,779,779,1194.34,10,Net 45
VEN_0162,Steel Suppliers India,SKU_PIP_0007,2023-01-09,2023-01-23,2023-01-23,918,918,943.31,1,Net 30
VEN_0163,Defective Materials Co,SKU_PIP_0013,2022-05-26,2022-06-06,2022-06-05,619,619,1590.47,6,Immediate
VEN_0164,Quick Steel Industries,SKU_SHE_0021,2022-06-04,2022-06-13,2022-06-12,534,534,1473.85,9,Net 60
VEN_0165,Quality Issues Pvt,SKU_FAS_0048,2023-03-29,2023-04-08,2023-04-08,947,947,244.54,15,Net 15
VEN_0166,Reliable Metals Ltd,SKU_SHE_0023,2023-07-15,2023-07-27,2023-07-27,933,933,1577.23,33,Net 15
VEN_0167,Delayed Suppliers Pvt,SKU_COI_0037,2022-06-10,2022-06-29,2022-06-29,205,205,3390.51,7,Net 15
VEN_0168,Slow Logistics Ltd,SKU_SHE_0022,2022-01-02,2022-01-17,2022-01-19,932,932,1650.14,9,Net 15
VEN_0169,Slow Logistics Ltd,SKU_SHE_0027,2022-06-24,2022-07-11,2022-07-09,527,527,1579.32,16,Net 30
VEN_0170,Defective Materials Co,SKU_SHE_0027,2023-01-26,2023-02-13,2023-02-13,911,911,1707.92,36,Net 30
VEN_0171,Defective Materials Co,SKU_SHE_0020,2022-07-21,2022-08-01,2022-07-30,995,995,2391.93,111,Net 15
VEN_0172,Quality Issues Pvt,SKU_COI_0034,2023-06-05,2023-06-13,2023-06-12,377,377,2073.75,6,Net 30
VEN_0173,Reliable Metals Ltd,SKU_PIP_0013,2022-01-16,2022-01-23,2022-01-23,425,425,1748.67,1,Net 15
VEN_0174,Defective Materials Co,SKU_SHE_0026,2023-01-31,2023-02-20,2023-03-03,909,909,2135.63,84,Net 30
VEN_0175,Quality Issues Pvt,SKU_SHE_0027,2023-09-20,2023-09-27,2023-09-28,601,601,1604.43,25,Net 30
VEN_0176,Quality Issues Pvt,SKU_SHE_0020,2023-02-13,2023-03-04,2023-03-12,936,936,2705.94,15,Net 60
VEN_0177,Delayed Suppliers Pvt,SKU_PIP_0011,2022-11-29,2022-12-17,2022-12-15,710,710,1209.59,27,Immediate
VEN_0178,Delayed Suppliers Pvt,SKU_FIT_0038,2022-09-28,2022-10-15,2022-10-18,385,385,817.52,19,Net 30
VEN_0179,Mumbai Metal Works,SKU_FIT_0044,2022-12-17,2023-01-05,2023-01-04,108,108,864.41,2,Net 15
VEN_0180,Slow Logistics Ltd,SKU_FIT_0040,2022-04-18,2022-04-29,2022-05-06,944,944,940.19,20,Net 30
VEN_0181,Delayed Suppliers Pvt,SKU_FIT_0039,2023-08-25,2023-09-10,2023-09-19,562,562,685.94,15,Immediate
VEN_0182,Quality Issues Pvt,SKU_PIP_0013,2023-02-12,2023-03-04,2023-03-04,719,719,1522.87,56,Immediate
VEN_0183,Reliable Metals Ltd,SKU_SHE_0023,2023-11-01,2023-11-21,2023-11-20,396,396,1498.98,2,Net 30
VEN_0184,Mumbai Metal Works,SKU_SHE_0016,2022-12-10,2022-12-30,2023-01-13,386,386,2619.4,5,Immediate
VEN_0185,Slow Logistics Ltd,SKU_SHE_0025,2023-05-23,2023-06-07,2023-06-06,985,985,1683.73,14,Immediate
VEN_0186,Late Delivery Inc,SKU_COI_0030,2022-04-30,2022-05-09,2022-05-17,260,260,2671.44,0,Net 30
VEN_0187,Reliable Metals Ltd,SKU_FIT_0038,2023-02-04,2023-02-22,2023-02-22,708,708,804.53,15,Immediate
VEN_0188,Premium Steel Co,SKU_FIT_0043,2023-07-13,2023-07-22,2023-07-20,999,999,534.02,8,Net 30
VEN_0189,Premium Steel Co,SKU_PIP_0010,2022-08-02,2022-08-17,2022-08-17,518,518,1364.96,4,Net 15
VEN_0190,Late Delivery Inc,SKU_PIP_0005,2022-08-19,2022-09-03,2022-09-08,683,683,1479.12,38,Net 60
VEN_0191,Defective Materials Co,SKU_SHE_0024,2022-06-01,2022-06-15,2022-06-13,649,649,2095.55,21,Net 60
VEN_0192,Steel Suppliers India,SKU_COI_0034,2022-12-17,2022-12-25,2022-12-24,142,142,2047.75,1,Immediate
VEN_0193,Steel Suppliers India,SKU_PIP_0004,2022-10-07,2022-10-17,2022-10-16,639,639,1039.72,1,Net 60
VEN_0194,Delayed Suppliers Pvt,SKU_COI_0035,2022-12-25,2023-01-06,2023-01-05,449,449,2379.2,4,Net 15
VEN_0195,Reliable Metals Ltd,SKU_FIT_0043,2023-09-18,2023-09-28,2023-09-28,784,784,523.24,31,Net 15
VEN_0196,Mumbai Metal Works,SKU_SHE_0022,2023-01-11,2023-01-25,2023-01-24,903,903,1709.78,9,Net 60
VEN_0197,Delayed Suppliers Pvt,SKU_COI_0034,2022-11-08,2022-11-22,2022-11-22,572,572,2189.43,19,Net 30
VEN_0198,Delayed Suppliers Pvt,SKU_SHE_0018,2023-06-08,2023-06-21,2023-06-21,444,444,2092.16,7,Net 15
VEN_0199,Delayed Suppliers Pvt,SKU_COI_0029,2023-09-06,2023-09-21,2023-09-21,241,241,2773.32,0,Net 60
VEN_0200,Late Delivery Inc,SKU_FAS_0047,2023-11-04,2023-11-17,2023-11-16,661,661,168.76,24,Net 30
VEN_0201,Premium Steel Co,SKU_SHE_0026,2022-03-22,2022-04-03,2022-04-03,531,531,1944.32,1,Net 60
VEN_0202,Late Delivery Inc,SKU_COI_0029,2023-11-14,2023-11-25,2023-11-25,987,987,3338.39,0,Net 45
VEN_0203,Quality Issues Pvt,SKU_SHE_0018,2022-10-25,2022-11-03,2022-11-01,102,102,2038.35,6,Net 45
VEN_0204,Delayed Suppliers Pvt,SKU_FIT_0040,2022-10-06,2022-10-23,2022-10-27,854,854,995.29,2,Immediate
VEN_0205,Defective Materials Co,SKU_SHE_0024,2023-04-14,2023-04-29,2023-05-04,819,819,2137.97,6,Net 30
VEN_0206,Quality Issues Pvt,SKU_FAS_0049,2023-07-29,2023-08-17,2023-08-17,324,324,200.71,16,Immediate
VEN_0207,Delayed Suppliers Pvt,SKU_COI_0028,2023-11-16,2023-12-02,2023-12-08,126,126,2397.08,5,Net 45
VEN_0208,Premium Steel Co,SKU_PIP_0003,2022-07-09,2022-07-27,2022-07-26,824,824,1169.04,0,Net 45
VEN_0209,Reliable Metals Ltd,SKU_COI_0029,2022-04-22,2022-05-04,2022-05-02,598,598,3126.56,22,Immediate
VEN_0210,Delayed Suppliers Pvt,SKU_PIP_0012,2022-07-22,2022-08-01,2022-07-30,484,484,1399.06,7,Net 15
VEN_0211,Late Delivery Inc,SKU_PIP_0009,2022-12-05,2022-12-24,2022-12-23,471,471,1636.21,13,Net 60
VEN_0212,Late Delivery Inc,SKU_COI_0036,2023-04-05,2023-04-18,2023-04-17,900,900,3103.32,16,Immediate
VEN_0213,Slow Logistics Ltd,SKU_COI_0035,2022-12-17,2023-01-02,2023-01-08,528,528,2494.32,21,Net 15
VEN_0214,Delayed Suppliers Pvt,SKU_SHE_0016,2023-06-28,2023-07-06,2023-07-06,393,393,2437.09,3,Net 60
VEN_0215,Slow Logistics Ltd,SKU_COI_0028,2022-02-15,2022-03-05,2022-03-05,260,260,2621.67,3,Net 45
VEN_0216,Steel Suppliers India,SKU_FIT_0045,2022-10-20,2022-11-05,2022-11-03,649,649,1115.36,2,Immediate
VEN_0217,Premium Steel Co,SKU_COI_0037,2023-02-23,2023-03-11,2023-03-10,112,112,3131.62,0,Immediate
VEN_0218,Reliable Metals Ltd,SKU_PIP_0002,2023-07-24,2023-08-03,2023-08-02,597,597,1000.96,22,Net 45
VEN_0219,Mumbai Metal Works,SKU_FIT_0043,2022-12-17,2023-01-06,2023-01-05,922,922,531.49,14,Net 60
VEN_0220,Defective Materials Co,SKU_COI_0037,2022-02-06,2022-02-23,2022-03-04,827,827,3357.13,21,Net 45
VEN_0221,Defective Materials Co,SKU_COI_0035,2022-07-15,2022-08-04,2022-08-04,362,362,2649.86,28,Immediate
VEN_0222,Mumbai Metal Works,SKU_FAS_0046,2023-03-07,2023-03-18,2023-03-17,995,995,194.24,25,Net 60
VEN_0223,Defective Materials Co,SKU_COI_0036,2022-02-16,2022-03-05,2022-03-03,612,612,3088.47,34,Immediate
VEN_0224,Delayed Suppliers Pvt,SKU_SHE_0018,2023-07-07,2023-07-25,2023-07-27,926,926,2374.75,31,Net 60
VEN_0225,Quality Issues Pvt,SKU_FAS_0047,2022-09-06,2022-09-19,2022-09-19,791,791,159.29,14,Net 45
VEN_0226,Quality Issues Pvt,SKU_FAS_0046,2022-12-12,2022-12-28,2022-12-26,817,817,190.33,36,Net 30
VEN_0227,Late Delivery Inc,SKU_FAS_0048,2022-07-21,2022-08-04,2022-08-03,122,122,256.85,3,Net 15
VEN_0228,Steel Suppliers India,SKU_SHE_0020,2022-07-18,2022-08-04,2022-08-04,183,183,2703.55,2,Net 30
VEN_0229,Defective Materials Co,SKU_PIP_0013,2022-12-08,2022-12-15,2022-12-14,709,709,1465.53,38,Net 45
VEN_0230,Slow Logistics Ltd,SKU_FIT_0042,2023-12-07,2023-12-24,2023-12-24,344,344,984.21,11,Immediate
VEN_0231,Late Delivery Inc,SKU_COI_0028,2022-08-05,2022-08-15,2022-08-14,486,486,2664.27,4,Net 15
VEN_0232,Premium Steel Co,SKU_FIT_0039,2023-01-01,2023-01-09,2023-01-08,530,530,751.76,1,Net 45
VEN_0233,Mumbai Metal Works,SKU_SHE_0025,2023-02-14,2023-02-28,2023-02-27,892,892,1651.08,5,Net 45
VEN_0234,Quality Issues Pvt,SKU_PIP_0001,2023-09-10,2023-09-29,2023-10-09,734,734,1028.29,62,Net 60
VEN_0235,Slow Logistics Ltd,SKU_PIP_0001,2023-10-01,2023-10-08,2023-10-06,243,243,1158.54,8,Net 60
VEN_0236,Mumbai Metal Works,SKU_SHE_0025,2023-03-17,2023-03-26,2023-03-26,663,663,1718.43,4,Net 60
VEN_0237,Reliable Metals Ltd,SKU_COI_0033,2022-11-08,2022-11-27,2022-11-26,399,399,2067.15,13,Net 15
VEN_0238,Defective Materials Co,SKU_SHE_0022,2022-02-11,2022-02-27,2022-02-25,563,563,1694.24,10,Net 15
VEN_0239,Premium Steel Co,SKU_SHE_0021,2022-09-30,2022-10-20,2022-10-18,972,972,1478.57,6,Net 60
VEN_0240,Late Delivery Inc,SKU_SHE_0017,2023-12-06,2023-12-17,2023-12-16,741,741,2005.89,26,Net 15
VEN_0241,Quick Steel Industries,SKU_COI_0031,2022-07-23,2022-08-01,2022-07-31,882,882,2114.26,7,Net 15
VEN_0242,Quality Issues Pvt,SKU_FAS_0046,2022-04-05,2022-04-13,2022-04-13,108,108,195.32,7,Net 45
VEN_0243,Quality Issues Pvt,SKU_FAS_0046,2022-03-14,2022-03-24,2022-04-03,256,256,180.98,20,Net 15
VEN_0244,Slow Logistics Ltd,SKU_PIP_0011,2023-10-03,2023-10-14,2023-10-13,417,417,1083.55,4,Net 15
VEN_0245,Steel Suppliers India,SKU_SHE_0022,2022-03-11,2022-03-28,2022-04-04,346,346,1577.29,0,Immediate
VEN_0246,Delayed Suppliers Pvt,SKU_PIP_0003,2022-07-13,2022-07-23,2022-08-02,380,380,1228.77,2,Net 60
VEN_0247,Premium Steel Co,SKU_COI_0031,2022-04-27,2022-05-11,2022-05-10,615,615,2197.13,0,Net 45
VEN_0248,Defective Materials Co,SKU_SHE_0016,2022-06-03,2022-06-15,2022-06-13,158,158,2376.01,3,Net 60
VEN_0249,Quick Steel Industries,SKU_PIP_0015,2023-05-30,2023-06-10,2023-06-09,627,627,1234.23,18,Net 15
VEN_0250,Reliable Metals Ltd,SKU_PIP_0008,2022-12-26,2023-01-02,2022-12-31,726,726,1466.5,15,Net 45
VEN_0251,Mumbai Metal Works,SKU_PIP_0002,2022-10-30,2022-11-19,2022-11-17,396,396,953.13,10,Net 15
VEN_0252,Quick Steel Industries,SKU_FAS_0049,2022-02-05,2022-02-14,2022-02-13,411,411,180.64,4,Net 30
VEN_0253,Quality Issues Pvt,SKU_COI_0028,2023-05-26,2023-06-10,2023-06-09,528,528,2598.16,34,Net 45
VEN_0254,Quality Issues Pvt,SKU_SHE_0018,2022-07-27,2022-08-03,2022-08-05,621,621,2073.76,45,Net 15
VEN_0255,Premium Steel Co,SKU_PIP_0006,2023-10-06,2023-10-25,2023-10-23,393,393,1925.24,2,Immediate
VEN_0256,Premium Steel Co,SKU_SHE_0019,2022-04-30,2022-05-10,2022-05-08,545,545,1917.77,1,Net 45
VEN_0257,Premium Steel Co,SKU_SHE_0024,2022-02-02,2022-02-17,2022-02-16,886,886,2384.1,8,Net 30
VEN_0258,Quality Issues Pvt,SKU_SHE_0023,2022-06-29,2022-07-09,2022-07-07,396,396,1415.38,18,Net 15
VEN_0259,Late Delivery Inc,SKU_PIP_0011,2023-06-09,2023-06-29,2023-07-08,610,610,1227.77,9,Immediate
VEN_0260,Mumbai Metal Works,SKU_PIP_0010,2022-07-18,2022-08-05,2022-08-04,882,882,1497.91,18,Net 45
VEN_0261,Reliable Metals Ltd,SKU_FAS_0049,2023-01-05,2023-01-14,2023-01-15,329,329,186.43,3,Immediate
VEN_0262,Late Delivery Inc,SKU_PIP_0003,2023-06-04,2023-06-18,2023-07-01,618,618,1173.07,2,Net 45
VEN_0263,Reliable Metals Ltd,SKU_COI_0032,2023-07-11,2023-07-27,2023-07-25,558,558,2366.03,21,Net 45
VEN_0264,Premium Steel Co,SKU_PIP_0011,2023-05-22,2023-05-31,2023-05-31,430,430,1141.58,1,Net 30
VEN_0265,Reliable Metals Ltd,SKU_COI_0028,2022-11-27,2022-12-06,2022-12-17,808,808,2457.73,22,Immediate
VEN_0266,Mumbai Metal Works,SKU_SHE_0018,2022-08-31,2022-09-11,2022-09-11,686,686,2038.06,18,Net 45
VEN_0267,Mumbai Metal Works,SKU_FIT_0038,2023-11-26,2023-12-14,2023-12-14,948,948,815.47,26,Immediate
VEN_0268,Quality Issues Pvt,SKU_FAS_0046,2022-11-04,2022-11-14,2022-11-13,519,519,190.45,35,Immediate
VEN_0269,Quality Issues Pvt,SKU_COI_0030,2022-04-05,2022-04-19,2022-04-30,285,285,2834.65,24,Net 15
VEN_0270,Premium Steel Co,SKU_SHE_0027,2022-01-08,2022-01-23,2022-01-21,716,716,1717.36,5,Net 60
VEN_0271,Quick Steel Industries,SKU_SHE_0019,2023-10-08,2023-10-25,2023-10-23,589,589,1937.11,8,Net 60
VEN_0272,Quality Issues Pvt,SKU_FIT_0043,2022-03-28,2022-04-06,2022-04-05,252,252,479.76,2,Net 45
VEN_0273,Defective Materials Co,SKU_PIP_0015,2023-05-02,2023-05-18,2023-06-01,599,599,1311.34,13,Net 15
VEN_0274,Late Delivery Inc,SKU_FAS_0050,2022-08-03,2022-08-13,2022-08-25,440,440,299.18,0,Net 30
VEN_0275,Steel Suppliers India,SKU_PIP_0006,2023-10-09,2023-10-18,2023-10-16,394,394,1888.51,0,Immediate
VEN_0276,Delayed Suppliers Pvt,SKU_PIP_0013,2022-08-08,2022-08-28,2022-09-09,567,567,1753.18,1,Net 45
VEN_0277,Reliable Metals Ltd,SKU_FIT_0041,2023-11-05,2023-11-18,2023-11-16,420,420,734.8,12,Net 30
VEN_0278,Mumbai Metal Works,SKU_FIT_0045,2023-04-22,2023-04-29,2023-04-29,941,941,1020.88,12,Net 15
VEN_0279,Mumbai Metal Works,SKU_SHE_0024,2022-05-25,2022-06-07,2022-06-06,224,224,2039.12,5,Net 45
VEN_0280,Mumbai Metal Works,SKU_SHE_0025,2022-02-22,2022-03-05,2022-03-04,318,318,1777.8,5,Immediate
VEN_0281,Premium Steel Co,SKU_PIP_0002,2022-08-06,2022-08-14,2022-08-13,519,519,1085.36,2,Net 15
VEN_0282,Premium Steel Co,SKU_PIP_0013,2022-07-26,2022-08-15,2022-08-13,857,857,1732.82,3,Net 45
VEN_0283,Premium Steel Co,SKU_COI_0028,2022-01-23,2022-02-06,2022-02-06,972,972,2415.71,7,Net 60
VEN_0284,Premium Steel Co,SKU_SHE_0024,2023-05-15,2023-06-04,2023-06-03,790,790,2146.69,7,Immediate
VEN_0285,Slow Logistics Ltd,SKU_PIP_0006,2022-04-29,2022-05-14,2022-05-17,306,306,1971.49,5,Immediate
VEN_0286,Quality Issues Pvt,SKU_FAS_0050,2022-12-19,2023-01-05,2023-01-05,239,239,301.09,13,Immediate
VEN_0287,Defective Materials Co,SKU_COI_0032,2023-02-04,2023-02-23,2023-02-21,978,978,2249.94,43,Net 60
VEN_0288,Quick Steel Industries,SKU_FIT_0043,2023-01-17,2023-01-28,2023-01-26,175,175,541.55,2,Net 45
VEN_0289,Slow Logistics Ltd,SKU_PIP_0011,2022-09-16,2022-10-02,2022-10-08,290,290,1153.42,1,Net 45
VEN_0290,Slow Logistics Ltd,SKU_COI_0032,2022-01-10,2022-01-23,2022-01-30,724,724,2004.25,5,Net 30
VEN_0291,Mumbai Metal Works,SKU_FIT_0041,2022-06-21,2022-06-30,2022-06-30,716,716,804.24,0,Immediate
VEN_0292,Mumbai Metal Works,SKU_SHE_0019,2022-07-26,2022-08-06,2022-08-19,853,853,2121.6,16,Immediate
VEN_0293,Premium Steel Co,SKU_COI_0032,2022-07-21,2022-08-04,2022-08-03,948,948,2179.8,1,Net 45
VEN_0294,Steel Suppliers India,SKU_SHE_0024,2022-07-02,2022-07-15,2022-07-14,333,333,2191.57,3,Net 60
VEN_0295,Delayed Suppliers Pvt,SKU_SHE_0016,2022-07-20,2022-08-09,2022-08-18,583,583,2622.24,23,Net 60
VEN_0296,Quality Issues Pvt,SKU_SHE_0022,2022-02-24,2022-03-11,2022-03-10,719,719,1502.1,25,Net 30
VEN_0297,Delayed Suppliers Pvt,SKU_FAS_0047,2022-07-22,2022-08-02,2022-08-02,885,885,154.51,10,Net 30
VEN_0298,Delayed Suppliers Pvt,SKU_SHE_0018,2023-03-06,2023-03-17,2023-03-28,539,539,1976.44,6,Net 15
VEN_0299,Reliable Metals Ltd,SKU_SHE_0018,2023-11-05,2023-11-18,2023-11-18,464,464,2154.4,4,Net 15
VEN_0300,Mumbai Metal Works,SKU_FIT_0040,2023-01-17,2023-01-26,2023-01-25,477,477,1071.12,10,Net 45
